orderId,orderDate,deliveryDate,status,customerId,customerName,customerTier,productId,productName,productCategory,productPrice
1,09-03-21,02-02-20,SHIPPED,933,Matty Bedborough,3,1165,Soup - French Onion,Grocery,60
2,11-24-20,06-09-20,SHIPPED,509,Joel Mobley,1,1197,Corn - Mini,Grocery,46
3,07-21-20,03-14-21,SHIPPED,164,Nathanial Reggiani,3,1133,Beef - Inside Round,Grocery,91
4,12-10-21,05-16-20,DELIVERED,267,Abbi Cottu,2,1136,Turkey - Breast. Smoked,Grocery,31
5,09-17-20,08-19-22,SHIPPED,191,Sabrina Kovelmann,2,1161,Cocoa Butter,Grocery,10
6,12-29-21,09-23-21,SHIPPED,33,Wini Chismon,1,1170,Bread - Multigrain. Loaf,Grocery,34
7,11-08-21,09-03-21,DELIVERED,763,Neron Bedburrow,2,1138,Cream Of Tartar,Grocery,90
8,12-12-21,06-15-20,DELIVERED,28,Dyanne Woolaston,1,1027,Mushroom - Enoki. Dry,Grocery,85
9,08-15-22,06-04-20,PENDING,939,Oberon Radmer,2,1104,Sobe - Orange Carrot,Grocery,87
10,05-20-20,05-29-22,PENDING,251,Ingaberg Crosseland,1,1179,Ecolab - Lime - A - Way 4/4 L,Grocery,37
11,09-21-21,09-28-21,DELIVERED,196,Elia Stanlick,3,1067,Horseradish - Prepared,Grocery,57
12,08-12-20,07-08-20,DELIVERED,303,Terza Hazley,3,1037,Potatoes - Instant. Mashed,Grocery,71
13,06-19-21,11-24-21,DELIVERED,586,Don Zannelli,3,1132,Pasta - Fusili. Dry,Grocery,62
14,07-31-20,10-01-21,PENDING,238,Simona Paeckmeyer,3,1097,Lotus Root,Grocery,30
15,11-04-21,01-13-22,PENDING,830,Audrye Comfort,1,1143,Langers - Cranberry Cocktail,Grocery,88
16,04-27-20,05-16-22,SHIPPED,251,Thurstan Ambrogi,2,1151,Laundry - Bag Cloth,Grocery,58
17,07-15-20,12-19-22,PENDING,400,Elissa Caines,1,1188,Muffins - Assorted,Grocery,82
18,01-31-20,05-10-20,SHIPPED,483,Cinderella Kovelmann,2,1015,Sausage - Andouille,Grocery,99
19,10-26-20,09-30-22,SHIPPED,15,Philippa Cleworth,3,1036,Extract - Rum,Grocery,44
20,06-07-20,07-24-22,SHIPPED,431,Gunar Brunning,1,1156,Soup - Campbells Mac N Cheese,Grocery,12
21,10-12-22,02-23-20,PENDING,921,Rinaldo Broun,1,1170,Sobe - Orange Carrot,Grocery,12
22,07-13-20,11-20-20,PENDING,319,Pieter Battany,3,1017,Wine - Magnotta. White,Grocery,83
23,09-30-21,06-26-20,PENDING,560,Lanette Stainsby,2,1166,Soda Water - Club Soda. 355 Ml,Grocery,14
24,05-10-20,10-06-21,PENDING,538,Libbey Curthoys,1,1139,Soup - Campbells Asian Noodle,Grocery,69
25,04-14-20,09-18-21,DELIVERED,221,Irvine Guntrip,3,1063,Beef - Rib Roast. Capless,Grocery,44
26,02-18-20,07-14-22,PENDING,152,Peder Maymand,1,1063,Soup - Cream Of Broccoli. Dry,Grocery,66
27,03-26-20,10-06-20,DELIVERED,81,Ilene Ferriman,2,1047,Wanton Wrap,Grocery,36
28,12-02-21,01-13-20,SHIPPED,89,Marti Finan,3,1102,Orange - Canned. Mandarin,Grocery,52
29,07-30-22,10-12-21,SHIPPED,152,Oates Goodredge,1,1082,Mcgillicuddy Vanilla Schnap,Grocery,97
30,12-20-21,02-17-22,SHIPPED,459,Hyacinthie Dollard,3,1163,Pepper - Green. Chili,Grocery,50
31,01-07-22,07-06-20,DELIVERED,714,Robinet Marcum,1,1109,Veal - Bones,Grocery,95
32,05-25-22,05-21-22,PENDING,918,Keeley Ciric,3,1024,Turkey Leg With Drum And Thigh,Grocery,55
33,12-17-20,01-11-21,SHIPPED,552,Olivette Hadfield,1,1118,Wine - Periguita Fonseca,Grocery,44
34,01-23-21,12-26-20,DELIVERED,216,Baldwin Simoncelli,1,1018,Latex Rubber Gloves Size 9,Grocery,72
35,07-17-21,07-27-22,DELIVERED,234,Allene Donisthorpe,3,1149,Ostrich - Prime Cut,Grocery,23
36,06-04-20,05-28-22,DELIVERED,213,Bronny Tinline,2,1134,Coffee - 10oz Cup 92961,Grocery,83
37,04-11-21,05-04-22,PENDING,43,Pooh Mixon,2,1105,Juice - Clamato. 341 Ml,Grocery,80
38,05-19-22,02-22-22,DELIVERED,935,Rubia Carrane,1,1125,Fib N9 - Prague Powder,Grocery,35
39,10-05-20,01-11-22,PENDING,827,Terri Walsom,1,1022,Yukon Jack,Grocery,85
40,09-27-22,03-26-21,SHIPPED,983,Ainsley Callinan,1,1146,Dried Cranberries,Grocery,25
41,08-29-22,08-06-22,DELIVERED,764,Jojo Stummeyer,3,1026,Breakfast Quesadillas,Grocery,15
42,08-03-21,05-16-20,PENDING,411,Patric Elleyne,1,1167,Quail - Whole. Bone - In,Grocery,48
43,08-18-22,02-05-21,SHIPPED,975,Felita Franciottoi,1,1100,Island Oasis - Ice Cream Mix,Grocery,100
44,06-09-21,07-16-21,PENDING,415,Brynne Verden,1,1162,Soap - Mr.clean Floor Soap,Grocery,31
45,03-21-22,08-11-21,DELIVERED,546,Bertie Bottjer,1,1132,Flounder - Fresh,Grocery,36
46,08-13-21,05-11-22,SHIPPED,10,Jessee Persich,3,1145,Kellogs All Bran Bars,Grocery,85
47,12-23-20,07-29-20,SHIPPED,887,Jackson Gianetti,1,1165,White Fish - Filets,Grocery,99
48,05-21-21,04-30-21,DELIVERED,324,Agustin Galilee,1,1192,Pumpkin - Seed,Grocery,88
49,07-09-20,05-16-22,PENDING,696,Hamlin Komorowski,1,1007,Sprouts - China Rose,Grocery,94
50,10-02-21,10-21-20,PENDING,470,Dominick Klarzynski,3,1036,Coconut - Whole,Grocery,25
51,12-23-20,08-28-20,SHIPPED,171,Gaston Abram,3,1168,Crackers Cheez It,Grocery,92
52,09-03-22,11-12-21,SHIPPED,250,Lucius Trahar,1,1067,Shiro Miso,Grocery,32
53,07-05-20,05-31-20,DELIVERED,287,Marc Laight,1,1187,Mop Head - Cotton. 24 Oz,Grocery,19
54,03-26-20,05-27-21,SHIPPED,439,Alana Straw,1,1071,Wine - Ruffino Chianti,Grocery,71
55,06-20-21,07-04-21,PENDING,242,Haley Mathe,1,1196,Plastic Wrap,Grocery,95
56,04-15-20,10-06-21,DELIVERED,623,Harli Mc Corley,1,1092,Turnip - White. Organic,Grocery,95
57,05-09-21,11-16-22,DELIVERED,978,Rosemarie Wanklyn,3,1029,Pork - Sausage. Medium,Grocery,99
58,02-09-22,01-26-21,PENDING,661,Curran Campelli,3,1155,Soho Lychee Liqueur,Grocery,46
59,01-12-21,05-23-21,PENDING,669,Max Briatt,1,1181,Trueblue - Blueberry 12x473ml,Grocery,63
60,11-18-21,01-02-23,SHIPPED,81,Murry Timlett,2,1169,Sorrel - Fresh,Grocery,45
61,08-09-21,10-07-21,PENDING,535,Leela Snasdell,2,1019,Duck - Breast,Grocery,49
62,09-28-20,09-26-22,SHIPPED,624,Basilio Grewes,2,1000,Onion Powder,Grocery,44
63,05-12-21,09-16-20,DELIVERED,986,Antony Buggs,2,1123,Pepper - White. Whole,Grocery,78
64,03-01-20,05-26-20,PENDING,568,Jorge Pantlin,3,1138,Mustard - Seed,Grocery,27
65,12-16-20,01-10-22,SHIPPED,180,Francis Grafom,1,1144,Beef - Rouladin. Sliced,Grocery,46
66,01-13-21,02-26-20,SHIPPED,395,Keri Hann,1,1174,Yeast Dry - Fermipan,Grocery,55
67,03-15-20,04-22-21,PENDING,204,Sarita Baulk,1,1015,Campari,Grocery,44
68,03-04-21,10-25-20,DELIVERED,626,Blair Gutowski,2,1105,Petit Baguette,Grocery,24
69,03-03-22,02-09-20,SHIPPED,342,Elise Fletham,2,1110,Shopper Bag - S - 4,Grocery,98
70,09-10-22,10-17-22,PENDING,656,Viva Ducroe,3,1059,Liqueur - Melon,Grocery,64
71,03-01-22,09-12-21,DELIVERED,229,Kylie Cater,1,1092,Water - Spring 1.5lit,Grocery,52
72,05-03-21,10-07-22,SHIPPED,820,Camey Bracey,3,1103,Marzipan 50/50,Grocery,98
73,02-08-21,11-23-21,DELIVERED,989,Sadella Bills,2,1047,Tuna - Salad Premix,Grocery,41
74,05-01-22,05-23-21,SHIPPED,203,Jan Teaze,1,1058,Bread Fig And Almond,Grocery,57
75,05-05-22,11-15-20,DELIVERED,587,Dana Pinxton,2,1066,Mushroom Morel Fresh,Grocery,91
76,04-16-20,01-01-22,SHIPPED,285,Meagan Hearst,2,1000,Chicken - Soup Base,Grocery,50
77,03-03-22,02-26-22,DELIVERED,537,Conrado Prigmore,1,1141,Energy Drink,Grocery,38
78,02-11-20,03-15-22,PENDING,432,Carlyle Hayes,2,1123,Duck - Legs,Grocery,49
79,08-02-22,06-24-22,PENDING,787,Pace Laurens,3,1006,Cheese - Grana Padano,Grocery,32
80,07-10-21,11-27-22,SHIPPED,179,Tuesday McIlwaine,3,1046,Chocolate Bar - Oh Henry,Grocery,53
81,10-01-21,01-04-21,SHIPPED,160,Batsheva Dilkes,3,1150,Beef Wellington,Grocery,17
82,10-06-20,12-08-21,PENDING,545,Valery Grigorushkin,3,1000,Bread - Rolls. Rye,Grocery,31
83,03-03-22,01-23-22,SHIPPED,573,Reed Beevens,3,1167,Wine - Alicanca Vinho Verde,Grocery,51
84,01-06-20,08-29-22,SHIPPED,704,Jany Lauder,2,1192,Nut - Chestnuts. Whole,Grocery,34
85,03-20-22,03-10-20,DELIVERED,451,Penelope Care,3,1041,Squash - Pattypan. Yellow,Grocery,81
86,11-16-21,07-16-21,SHIPPED,264,Noelle Fuge,2,1041,Bay Leaf Ground,Grocery,34
87,12-08-20,03-03-22,PENDING,824,Milicent Junkison,1,1084,Turkey - Ground. Lean,Grocery,90
88,05-26-20,05-24-22,SHIPPED,849,Jorie Chater,3,1174,Figs,Grocery,39
89,01-30-20,01-18-22,SHIPPED,556,Desiree Strathern,2,1119,Cleaner - Pine Sol,Grocery,86
90,07-16-21,09-13-22,SHIPPED,315,Celesta Tucknutt,1,1182,Beer - Camerons Auburn,Grocery,51
91,10-30-20,09-15-21,DELIVERED,51,Jody Scini,3,1154,Wine - Cabernet Sauvignon,Grocery,87
92,01-03-20,08-13-20,PENDING,428,Kettie Baglin,1,1090,Pork - Sausage Casing,Grocery,56
93,04-01-21,08-31-21,PENDING,601,Douglas Reame,3,1162,Mountain Dew,Grocery,94
94,08-03-20,07-30-20,DELIVERED,972,Dorene Haestier,3,1078,Cleaner - Lime Away,Grocery,38
95,12-11-21,10-23-20,PENDING,378,Kayle Vasyukhnov,3,1032,Chocolate Bar - Reese Pieces,Grocery,19
96,06-14-20,05-13-21,DELIVERED,434,Aleen Luker,3,1096,Filter - Coffee,Grocery,92
97,03-02-22,10-06-22,DELIVERED,737,Rosanna Greep,3,1051,Pastry - Mini French Pastries,Grocery,32
98,12-03-21,05-22-20,SHIPPED,966,Noel Fireman,3,1175,Cocoa Butter,Grocery,50
99,08-01-22,07-09-22,SHIPPED,722,Stanfield Sidden,1,1089,Pork - Tenderloin. Fresh,Grocery,89
100,01-17-22,06-10-21,PENDING,880,Opalina Andrys,1,1036,Cheese - Le Cheve Noir,Grocery,32
101,07-07-20,03-18-20,PENDING,691,Jo ann Artingstall,2,1101,Soup - Campbells. Classic Chix,Grocery,24
102,01-11-21,06-21-21,PENDING,426,Clementina Bachman,3,1040,Sesame Seed,Grocery,29
103,07-29-21,10-18-22,SHIPPED,927,Danie Tant,2,1161,Wine - Beaujolais Villages,Grocery,98
104,10-23-20,10-30-20,SHIPPED,758,Erin Keywood,2,1168,Juice - Apple. 500 Ml,Grocery,54
105,06-29-22,02-09-20,PENDING,364,Ario Wardhaugh,1,1176,Bread Cranberry Foccacia,Grocery,17
106,09-02-20,05-26-20,DELIVERED,378,Kaylyn Plummer,1,1079,Paste - Black Olive,Grocery,51
107,04-12-20,08-09-22,PENDING,291,Dewitt Walas,3,1157,Fish - Halibut. Cold Smoked,Grocery,60
108,12-13-21,10-02-21,PENDING,1,Karry Athy,2,1000,Apple - Delicious. Red,Grocery,31
109,12-27-20,04-03-22,DELIVERED,35,Margot Davy,3,1098,Madeira,Grocery,73
110,07-07-22,01-28-22,SHIPPED,297,Cully Finders,2,1006,Island Oasis - Peach Daiquiri,Grocery,41
111,09-13-21,12-13-20,DELIVERED,69,Paolina Rysom,1,1076,Grapefruit - White,Grocery,34
112,08-19-21,06-12-20,SHIPPED,509,Gabriello Penni,1,1108,Nut - Pumpkin Seeds,Grocery,79
113,02-06-21,06-06-21,DELIVERED,254,Jennica Danielian,1,1020,Clam Nectar,Grocery,71
114,10-14-21,08-16-22,PENDING,919,Cyrill Wetheril,3,1073,Pepper - Green Thai,Grocery,52
115,07-04-20,09-25-22,DELIVERED,480,Lauritz Teck,2,1168,Butter - Unsalted,Grocery,79
116,10-15-22,05-09-22,DELIVERED,352,Stanislaus Moores,3,1012,Beef - Diced,Grocery,14
117,01-12-22,02-07-22,PENDING,540,Adolph Menier,2,1057,Vegetable - Base,Grocery,23
118,04-08-20,07-09-20,SHIPPED,908,Ariella Sherreard,3,1000,Lidsoupcont Rp12dn,Grocery,85
119,11-06-21,04-29-21,SHIPPED,367,Fayth Arlidge,1,1028,Napkin Colour,Grocery,22
120,02-09-20,05-01-21,SHIPPED,181,Malissia Soro,2,1079,Mousse - Passion Fruit,Grocery,87
121,03-03-22,08-31-21,SHIPPED,314,Delia Cristoforetti,3,1023,Pepper - Chillies. Crushed,Grocery,12
122,11-04-21,10-31-20,PENDING,887,Tanner Mansel,1,1093,Arrowroot,Grocery,10
123,06-20-21,11-21-20,PENDING,116,Aluino Frontczak,2,1035,Langers - Cranberry Cocktail,Grocery,62
124,01-29-21,01-13-20,PENDING,348,Jillayne Hickeringill,3,1163,Mop Head - Cotton. 24 Oz,Grocery,55
125,05-24-21,02-13-21,DELIVERED,368,Joceline Maddison,2,1099,Pears - Fiorelle,Grocery,55
126,03-29-22,02-04-21,PENDING,986,Rhianna Goundsy,1,1048,Tea - Lemon Green Tea,Grocery,92
127,02-10-21,08-22-20,SHIPPED,997,Reggis Blacket,3,1157,Tea - Darjeeling. Azzura,Grocery,94
128,05-13-20,12-27-20,DELIVERED,892,Gloriane Radolf,2,1120,Lemonade - Island Tea. 591 Ml,Grocery,14
129,01-08-20,05-07-22,DELIVERED,254,Anselm Feechum,2,1044,The Pop Shoppe Pinapple,Grocery,99
130,02-19-20,10-30-22,DELIVERED,133,Stacia Sculley,3,1084,Wine - Guy Sage Touraine,Grocery,52
131,09-01-20,03-29-21,DELIVERED,667,Rosabella Durham,3,1030,Soup - Campbells. Beef Barley,Grocery,60
132,12-18-20,01-20-22,DELIVERED,359,Linell Cristofano,3,1070,Praline Paste,Grocery,47
133,11-12-20,04-21-22,SHIPPED,633,Alfred Mcimmie,2,1168,Wine - Barbera Alba Doc 2001,Grocery,76
134,10-20-21,03-05-20,SHIPPED,527,Alfy Braddon,1,1138,Yeast Dry - Fleischman,Grocery,94
135,12-12-22,05-23-20,PENDING,405,Judon Cicchelli,3,1023,Soup - Cream Of Broccoli,Grocery,43
136,04-14-20,10-02-20,SHIPPED,778,Delly Trever,3,1031,Oil - Safflower,Grocery,60
137,03-04-20,08-28-20,SHIPPED,33,Valina Strutton,2,1120,Walkers Special Old Whiskey,Grocery,10
138,11-28-22,01-21-22,PENDING,586,Norby Pittam,3,1178,Pancetta,Grocery,28
139,04-29-22,12-24-21,PENDING,184,Chaim Bumpus,3,1099,Nut - Peanut. Roasted,Grocery,64
140,02-20-21,02-03-22,PENDING,58,Tedda Kleinsmuntz,1,1171,Campari,Grocery,76
141,08-07-21,11-11-20,PENDING,831,Andi Hue,2,1090,Wine - Vouvray Cuvee Domaine,Grocery,57
142,05-11-20,10-20-21,DELIVERED,392,Marietta Antonijevic,1,1133,Chocolate Bar - Coffee Crisp,Grocery,30
143,10-22-22,09-06-22,PENDING,92,Melly Galvin,3,1001,Beer - Tetleys,Grocery,75
144,05-04-22,02-25-22,SHIPPED,76,Marci Boas,1,1026,Snapple Raspberry Tea,Grocery,56
145,11-16-21,11-04-22,DELIVERED,105,Torrie Batcheldor,1,1027,Mangostein,Grocery,84
146,07-24-21,02-12-21,SHIPPED,525,Bari Rowatt,3,1158,Tart - Pecan Butter Squares,Grocery,57
147,07-04-21,07-28-20,SHIPPED,734,Elsi Rainbow,1,1123,Bread Roll Foccacia,Grocery,14
148,04-23-21,07-06-22,PENDING,644,Wendi Hurlin,3,1143,Lemon Balm - Fresh,Grocery,70
149,02-12-20,03-18-20,PENDING,580,Griffy Antley,1,1179,Cheese - Camembert,Grocery,70
150,05-02-21,07-05-22,SHIPPED,999,Tabbie Diegan,2,1149,Cheese Cheddar Processed,Grocery,48
151,04-16-20,08-16-22,PENDING,486,Beverley McCoughan,3,1008,Table Cloth 72x144 White,Grocery,10
152,10-17-21,01-28-20,PENDING,931,Cliff Dingivan,1,1147,Pepper - Chipotle. Canned,Grocery,58
153,07-01-22,01-08-22,DELIVERED,152,Algernon Grinsted,1,1086,Kumquat,Grocery,99
154,07-07-22,05-02-20,SHIPPED,97,Bond Armitage,2,1153,Juice - Apple. 1.36l,Grocery,78
155,07-10-21,12-01-22,SHIPPED,989,Neron Stutard,2,1106,Coconut Milk - Unsweetened,Grocery,35
156,06-28-20,09-05-22,PENDING,16,Andros Demanche,2,1185,Liqueur Banana. Ramazzotti,Grocery,54
157,08-27-22,12-25-21,PENDING,509,Hoyt Huckster,1,1062,Venison - Striploin,Grocery,49
158,05-04-20,05-09-20,DELIVERED,477,Ericka Staley,1,1075,Wine - Pinot Noir Latour,Grocery,29
159,04-12-21,01-19-21,DELIVERED,412,Nealon Wilfling,2,1073,Goulash Seasoning,Grocery,96
160,04-03-20,06-16-20,DELIVERED,57,Lian Chaffin,1,1004,Kirsch - Schloss,Grocery,30
161,02-07-20,03-21-22,SHIPPED,477,Garner Seebert,1,1091,Cake Slab,Grocery,38
162,03-16-22,08-14-20,PENDING,287,Lura Vakhlov,3,1020,Wine - Gato Negro Cabernet,Grocery,34
163,01-27-22,04-08-22,SHIPPED,123,Clerkclaude Browell,1,1181,Assorted Desserts,Grocery,24
164,09-30-21,04-03-20,PENDING,346,Skippie Rome,2,1122,Flour - Rye,Grocery,63
165,12-03-20,05-13-22,PENDING,175,Giorgi Fahey,3,1186,Puree - Mango,Grocery,76
166,05-05-20,05-19-21,PENDING,26,Dniren Cattrall,2,1029,Nougat - Paste / Cream,Grocery,13
167,11-07-21,04-16-21,PENDING,795,Elisha Shoobridge,2,1010,Fruit Salad Deluxe,Grocery,11
168,02-29-20,11-25-20,SHIPPED,812,Dal Bodimeade,3,1184,Sole - Fillet,Grocery,61
169,04-07-20,05-09-22,SHIPPED,48,Earle Whipple,2,1169,Yoghurt Tubes,Grocery,43
170,02-26-21,06-02-22,PENDING,246,Petey Aaronson,3,1035,Soup - Campbells Beef Noodle,Grocery,61
171,10-22-20,07-03-21,SHIPPED,271,Shamus Alfonsetti,3,1164,Sage Ground Wiberg,Grocery,35
172,07-14-21,08-10-20,SHIPPED,884,Jerrie Nemchinov,2,1055,Oil - Peanut,Grocery,58
173,09-19-20,08-04-21,DELIVERED,408,Andrus Ciccottio,3,1003,Wine - Red. Wolf Blass. Yellow,Grocery,74
174,10-11-21,09-01-22,SHIPPED,33,Boy Gerretsen,1,1083,Cake - French Pear Tart,Grocery,42
175,01-07-22,10-18-20,SHIPPED,986,Win Soonhouse,1,1175,Ocean Spray - Ruby Red,Grocery,46
176,10-29-21,10-24-22,SHIPPED,933,Ogden Wilcocks,3,1138,Sausage - Liver,Grocery,59
177,12-13-21,09-27-21,PENDING,401,Robinetta Tonna,2,1076,Oats Large Flake,Grocery,16
178,10-31-20,10-16-22,SHIPPED,558,Brig Donnell,2,1069,Butter Balls Salted,Grocery,29
179,07-01-20,03-11-21,SHIPPED,371,Peterus Cutchie,3,1179,Cookies - Oreo. 4 Pack,Grocery,91
180,09-08-21,03-06-20,SHIPPED,815,Giulio Darthe,1,1190,Bowl 12 Oz - Showcase 92012,Grocery,18
181,12-07-20,08-16-22,PENDING,482,Joseito Hadingham,1,1037,Sage - Ground,Grocery,53
182,04-14-21,01-04-21,DELIVERED,336,Clark Dowker,1,1151,Green Tea Refresher,Grocery,17
183,11-04-22,03-17-20,DELIVERED,527,Garrett Chinery,3,1086,Sole - Dover. Whole. Fresh,Grocery,63
184,02-20-20,08-01-21,SHIPPED,219,Ekaterina Zimmerman,2,1129,Pork - Backs - Boneless,Grocery,49
185,04-11-21,07-14-21,DELIVERED,274,Hube Cresar,1,1169,Tea Leaves - Oolong,Grocery,28
186,04-07-21,03-31-20,PENDING,195,Allsun Tomblett,1,1025,Yeast - Fresh. Fleischman,Grocery,23
187,07-10-22,04-27-22,DELIVERED,811,Charla Halle,1,1127,Thermometer Digital,Grocery,30
188,09-30-20,11-08-22,PENDING,201,Emelina Tuppeny,1,1074,Muffin - Mix - Bran And Maple 15l,Grocery,94
189,09-22-21,02-10-20,DELIVERED,411,Ronnie Dallan,3,1048,Sauce - Hollandaise,Grocery,80
190,12-21-22,08-13-20,SHIPPED,602,Ingram Gravells,3,1023,Initation Crab Meat,Grocery,76
191,09-15-21,02-28-22,SHIPPED,568,Latrena Mounch,1,1125,Muffin Mix - Chocolate Chip,Grocery,49
192,04-15-21,12-05-22,SHIPPED,518,Spenser Whisby,2,1004,Pork - Butt. Boneless,Grocery,10
193,06-13-21,09-08-22,DELIVERED,725,Chicky Crimp,2,1008,Pork - Loin. Boneless,Grocery,41
194,04-14-21,07-04-20,SHIPPED,886,Valeria Longstaffe,2,1021,Sauce - Salsa,Grocery,19
195,04-21-20,05-07-20,PENDING,974,Daloris Cozens,1,1177,Wine - Saint - Bris 2002. Sauv,Grocery,57
196,07-27-21,05-16-21,SHIPPED,600,Brandais D'Alesio,3,1003,Container - Clear 16 Oz,Grocery,67
197,10-02-21,09-14-22,SHIPPED,443,Maris Nutton,3,1013,Table Cloth 53x53 White,Grocery,81
198,05-09-21,04-17-22,PENDING,313,Vito Tanswell,3,1055,Pork - Shoulder,Grocery,18
199,09-24-20,11-14-21,PENDING,719,Dimitri Trimmell,2,1006,Port - 74 Brights,Grocery,24
200,04-17-20,12-30-20,SHIPPED,171,Diahann Raison,2,1022,Tomato - Tricolor Cherry,Grocery,11
201,12-01-21,08-13-21,SHIPPED,123,Veronica Speek,1,1106,Taro Root,Grocery,12
202,08-22-22,02-21-22,DELIVERED,532,Dena Nurny,1,1099,Foam Dinner Plate,Grocery,98
203,03-01-21,12-10-21,DELIVERED,887,Nanice Slight,3,1134,Sugar Thermometer,Grocery,36
204,09-03-21,06-15-20,PENDING,671,Shellysheldon Melpuss,3,1034,Beef - Cooked. Corned,Grocery,17
205,09-08-20,06-12-20,PENDING,827,Padget Poletto,1,1031,Cut Wakame - Hanawakaba,Grocery,24
206,07-18-22,09-08-22,SHIPPED,81,Vi Walling,3,1106,Coffee Cup 16oz Foam,Grocery,80
207,04-27-22,07-07-20,DELIVERED,83,Ephrayim Scrymgeour,1,1150,Bagelers,Grocery,30
208,07-14-21,08-17-21,DELIVERED,274,Gearard Brader,3,1083,Lettuce - Iceberg,Grocery,95
209,11-27-20,11-06-22,PENDING,759,Manon Gledhill,3,1171,Vermouth - Sweet. Cinzano,Grocery,88
210,08-31-21,05-03-22,PENDING,448,Oswald Crohan,2,1159,Beef - Bones. Marrow,Grocery,22
211,01-11-21,06-01-21,PENDING,775,Alfred Farrant,1,1080,Wine - Vineland Estate Semi - Dry,Grocery,91
212,05-11-20,07-02-22,DELIVERED,265,Rafaello Fleg,3,1094,Trueblue - Blueberry Cranberry,Grocery,47
213,06-29-22,04-04-21,PENDING,905,Robert Daborne,3,1181,Bread - 10 Grain,Grocery,97
214,06-16-21,07-16-21,DELIVERED,172,Isahella Rodder,2,1008,Glove - Cutting,Grocery,56
215,07-28-20,06-01-20,PENDING,391,Sibelle Olander,1,1189,Beef - Top Sirloin,Grocery,74
216,06-05-21,10-26-22,DELIVERED,357,Trey Valerio,3,1156,Eggs - Extra Large,Grocery,83
217,03-09-20,08-18-20,SHIPPED,354,Jeff Helsby,1,1198,Coffee - Egg Nog Capuccino,Grocery,39
218,03-09-21,02-21-20,PENDING,957,Karita Lindenfeld,2,1075,Cheese - Pont Couvert,Grocery,39
219,12-23-20,11-25-21,SHIPPED,325,Demetrius Matejic,3,1072,Mangostein,Grocery,24
220,01-16-20,08-15-22,DELIVERED,98,Ber Whitcomb,3,1131,Sparkling Wine - Rose. Freixenet,Grocery,10
221,05-13-21,11-23-22,DELIVERED,136,Alyse Bondley,1,1054,Wine - Two Oceans Cabernet,Grocery,93
222,07-07-21,01-03-21,DELIVERED,498,Lil Petyankin,2,1013,Bar Mix - Lime,Grocery,50
223,09-17-20,08-07-20,SHIPPED,674,Nanette Broun,1,1005,Coffee - Egg Nog Capuccino,Grocery,58
224,03-20-20,07-20-20,SHIPPED,38,Fayth Sabin,3,1015,Spic And Span All Purpose,Grocery,15
225,02-25-21,06-21-22,DELIVERED,832,Julieta Zorzini,1,1178,Wine - Red. Cooking,Grocery,65
226,05-14-20,12-04-22,DELIVERED,63,Giordano Songist,3,1083,Leeks - Baby. White,Grocery,37
227,11-25-21,06-27-21,DELIVERED,660,Barbey Jozwik,2,1099,Tea - Mint,Grocery,64
228,08-26-22,11-26-21,SHIPPED,601,Alicia Bowker,3,1029,Sword Pick Asst,Grocery,53
229,11-02-22,11-09-21,PENDING,29,Ricca Kemmis,1,1044,Bread - Italian Roll With Herbs,Grocery,48
230,03-03-22,12-17-20,DELIVERED,27,Oralia Matyushonok,3,1064,Ice Cream Bar - Rolo Cone,Grocery,63
231,10-24-22,10-14-22,SHIPPED,204,Abie Darey,1,1057,Wine - Vouvray Cuvee Domaine,Grocery,99
232,07-03-22,01-27-21,SHIPPED,65,Rozalie Featherstonhalgh,2,1045,Aspic - Light,Grocery,42
233,06-13-21,12-17-22,PENDING,567,Erasmus Wisedale,1,1038,Lamb Rack Frenched Australian,Grocery,86
234,03-07-21,01-22-21,SHIPPED,582,Lucille Annice,2,1137,Rum - White. Gg White,Grocery,99
235,05-01-22,09-05-21,PENDING,298,Hannie Bursnell,2,1058,Bagel - 12 Grain Preslice,Grocery,77
236,03-12-20,08-15-20,PENDING,691,Galvin Locksley,3,1133,Tofu - Soft,Grocery,95
237,12-10-20,04-27-22,SHIPPED,212,Alys Mc Gaughey,2,1155,Flour - Buckwheat. Dark,Grocery,93
238,10-17-20,07-01-21,SHIPPED,886,Barb Poulett,2,1178,Cheese - Brie. Cups 125g,Grocery,84
239,12-24-21,03-10-21,DELIVERED,747,Cammi Broseman,2,1005,Beer - Alexander Kieths. Pale Ale,Grocery,45
240,03-13-20,09-04-22,PENDING,99,Christel Fennessy,3,1156,Stock - Chicken. White,Grocery,49
241,10-24-22,08-13-21,DELIVERED,763,Ralina Augar,1,1171,French Pastries,Grocery,76
242,12-12-20,08-09-21,SHIPPED,185,Gamaliel Eads,2,1174,Soup Campbells Mexicali Tortilla,Grocery,46
243,07-24-22,04-22-21,SHIPPED,182,Jacquenetta Baroc,1,1096,Table Cloth 62x120 Colour,Grocery,66
244,01-21-20,07-04-22,PENDING,9,Oralia Offord,1,1187,The Pop Shoppe Pinapple,Grocery,15
245,08-19-22,02-28-22,DELIVERED,618,Joy Towell,1,1087,Shrimp - Black Tiger 6 - 8,Grocery,59
246,09-22-20,10-28-21,PENDING,382,Elisha Kent,2,1160,Rice - Jasmine Sented,Grocery,54
247,05-30-20,11-10-22,SHIPPED,857,Kelley Kittless,1,1020,Anchovy Paste - 56 G Tube,Grocery,29
248,07-05-21,08-20-21,PENDING,153,Orazio Jarred,2,1006,Kohlrabi,Grocery,65
249,01-05-20,12-14-21,DELIVERED,614,Rozalie Laxtonne,2,1138,Oven Mitt - 13 Inch,Grocery,77
250,11-13-21,08-27-21,SHIPPED,913,Madel Stapels,1,1083,Wine - Alsace Riesling Reserve,Grocery,28
251,03-27-21,06-04-20,DELIVERED,774,Adelaida Baskerfield,1,1032,Soup - Campbellschix Stew,Grocery,89
252,03-17-20,10-31-21,DELIVERED,228,Geri Bohlin,3,1170,Puree - Kiwi,Grocery,97
253,07-30-22,08-20-21,PENDING,528,Susette Dalloway,1,1170,Garbage Bags - Black,Grocery,29
254,06-11-22,08-30-22,DELIVERED,340,Mirilla Feak,3,1026,Mix - Cocktail Strawberry Daiquiri,Grocery,96
255,08-14-20,04-22-21,PENDING,516,Sandro Burgiss,1,1117,Muskox - French Rack,Grocery,20
256,04-30-20,09-12-21,PENDING,582,Jeffrey Wrennall,3,1147,Water - Aquafina Vitamin,Grocery,85
257,06-04-20,12-12-20,SHIPPED,871,Milena Leadstone,2,1095,Ecolab Silver Fusion,Grocery,45
258,03-10-21,04-05-20,PENDING,641,Filip O'Cannovane,2,1060,Sage - Rubbed,Grocery,56
259,12-31-21,11-01-21,SHIPPED,820,Marne Barthram,3,1039,Lettuce - Escarole,Grocery,52
260,01-25-20,10-26-21,SHIPPED,338,Chris Drage,2,1171,Hummus - Spread,Grocery,67
261,12-04-21,01-10-22,SHIPPED,526,Reeba Barz,1,1118,Beer - Creemore,Grocery,93
262,12-14-20,02-01-21,PENDING,692,Jan Cattini,2,1010,Pectin,Grocery,51
263,07-02-21,05-04-21,SHIPPED,688,Selma McKeand,1,1101,Lamb - Shoulder. Boneless,Grocery,91
264,03-05-22,02-19-20,SHIPPED,257,Janine Nutbeam,2,1160,Pastry - Mini French Pastries,Grocery,19
265,04-30-20,08-09-22,SHIPPED,826,Yalonda Whithorn,1,1160,Beer - Camerons Auburn,Grocery,29
266,08-08-21,03-17-22,PENDING,108,Winonah Cano,1,1103,Steam Pan Full Lid,Grocery,18
267,07-08-20,11-24-20,PENDING,422,Madel Purdey,1,1184,Cheese - Cottage Cheese,Grocery,44
268,09-30-20,12-04-21,SHIPPED,532,Alex Songer,1,1170,Squeeze Bottle,Grocery,95
269,10-13-22,04-04-22,PENDING,990,Dionis Maggill'Andreis,3,1122,Plasticknivesblack,Grocery,33
270,02-19-20,07-10-20,SHIPPED,648,Garrek Trudgeon,3,1021,Corn - Cream. Canned,Grocery,41
271,01-27-21,02-04-20,PENDING,431,Bone Galtone,3,1063,Cherries - Frozen,Grocery,77
272,12-26-22,09-24-20,DELIVERED,122,Joly Antwis,1,1091,Quail Eggs - Canned,Grocery,79
273,12-20-20,09-23-22,PENDING,913,Sibyl Phettiplace,2,1086,Dome Lid Clear P92008h,Grocery,47
274,05-26-20,06-06-21,SHIPPED,495,Ermanno Coote,3,1041,Banana - Green,Grocery,80
275,06-01-21,05-19-22,SHIPPED,700,Shell McMorland,1,1013,Versatainer Nc - 8288,Grocery,78
276,07-06-20,09-04-20,SHIPPED,593,Zora Tewkesberry,2,1004,Mushroom - Morel Frozen,Grocery,100
277,06-15-21,07-15-22,SHIPPED,513,Chelsey Oulner,1,1097,Pineapple - Golden,Grocery,19
278,01-24-20,12-05-20,DELIVERED,796,Jan Lydster,3,1023,Cheese - Asiago,Grocery,23
279,07-09-20,11-08-21,SHIPPED,267,Brena McKinie,3,1162,Roe - Lump Fish. Black,Grocery,31
280,06-12-22,08-27-21,PENDING,571,Dominik Bewlie,3,1094,Tarts Assorted,Grocery,10
281,06-26-22,09-25-21,PENDING,85,Anton Ganforthe,2,1096,Lamb - Whole. Frozen,Grocery,18
282,11-09-22,06-07-22,SHIPPED,666,Blakelee Holwell,3,1087,Beef Ground Medium,Grocery,14
283,04-15-20,10-26-21,SHIPPED,1,Cristabel Harm,1,1011,Corn - On The Cob,Grocery,67
284,05-15-22,07-28-22,DELIVERED,384,Wendel Killough,1,1142,Juice - Pineapple. 48 Oz,Grocery,75
285,09-10-22,08-02-22,PENDING,150,Desmund Mumm,3,1127,Beans - Turtle. Black. Dry,Grocery,17
286,10-22-22,02-05-21,SHIPPED,546,Susie Garfoot,3,1083,Wine - Periguita Fonseca,Grocery,13
287,11-09-22,03-24-21,SHIPPED,737,Adaline Lunge,1,1161,Soup - Campbells Chicken,Grocery,19
288,09-01-21,02-17-22,DELIVERED,827,Vinny Clemitt,2,1050,Container - Clear 16 Oz,Grocery,89
289,06-28-20,03-30-22,PENDING,46,Denna Armistead,3,1013,Dip - Tapenade,Grocery,31
290,07-01-20,09-22-21,DELIVERED,241,Chloette Whitbread,2,1112,Miso - Soy Bean Paste,Grocery,83
291,09-08-20,10-01-22,PENDING,69,Charisse Antonelli,2,1189,Wine - Sauvignon Blanc Oyster,Grocery,87
292,01-29-21,11-23-21,SHIPPED,365,Kevyn Lindeberg,1,1188,Pasta - Shells. Medium. Dry,Grocery,22
293,07-20-21,02-26-21,PENDING,453,Raynard Nijssen,3,1074,Wine - Casillero Del Diablo,Grocery,61
294,06-18-20,10-18-20,DELIVERED,242,Cletus Macrae,1,1095,Wine - Alicanca Vinho Verde,Grocery,51
295,05-19-20,05-01-20,PENDING,662,Maynord Code,2,1169,Hold Up Tool Storage Rack,Grocery,43
296,10-01-20,06-10-20,SHIPPED,489,Zacharie Charnick,1,1156,Sprouts - Bean,Grocery,16
297,12-27-21,05-11-22,SHIPPED,544,Rolfe Matthis,2,1161,Tahini Paste,Grocery,82
298,03-11-21,04-24-22,SHIPPED,547,Mureil Egar,3,1081,Veal - Round. Eye Of,Grocery,34
299,01-24-21,05-27-22,DELIVERED,183,Drucie Goodwell,2,1079,Tea - Grapefruit Green Tea,Grocery,91
300,05-01-20,04-24-21,DELIVERED,958,Shoshana Totterdell,3,1068,Beef - Cooked. Corned,Grocery,94
301,06-23-20,09-30-22,PENDING,390,Breena Regitz,1,1168,Lamb - Leg. Boneless,Grocery,94
302,01-09-21,03-08-20,SHIPPED,145,Lilah Mathelin,1,1184,Puree - Raspberry,Grocery,87
303,07-29-20,12-26-20,SHIPPED,396,Bartie Vasile,2,1148,Cake - Cake Sheet Macaroon,Grocery,94
304,06-18-22,04-22-21,DELIVERED,810,Tristan Standley,3,1142,Irish Cream - Baileys,Grocery,22
305,06-15-21,11-13-22,PENDING,718,Carmencita Adshed,3,1155,Hagen Daza - Dk Choocolate,Grocery,64
306,05-18-21,04-13-21,DELIVERED,112,Ewart Inker,1,1016,True - Vue Containers,Grocery,69
307,05-15-22,07-12-21,DELIVERED,551,Lisa Wilford,1,1193,Pork - Smoked Kassler,Grocery,99
308,09-30-21,03-22-20,SHIPPED,707,Mavis Wordesworth,3,1062,Brocolinni - Gaylan. Chinese,Grocery,41
309,04-27-20,04-23-22,PENDING,50,Quill Gunstone,2,1160,Pectin,Grocery,48
310,09-21-22,10-13-20,PENDING,614,Annabal Regi,2,1119,Veal - Kidney,Grocery,36
311,08-26-22,12-21-20,DELIVERED,676,Bendix Halford,3,1113,Seabream Whole Farmed,Grocery,24
312,12-11-22,03-20-22,DELIVERED,534,Seline Drayn,3,1161,Beans - Long. Chinese,Grocery,31
313,12-22-22,07-20-20,SHIPPED,784,Madeleine Endrighi,1,1130,Sauce - Ranch Dressing,Grocery,50
314,07-26-20,03-25-20,PENDING,59,Boyd Calbreath,1,1157,Wine - Chablis 2003 Champs,Grocery,81
315,05-04-21,06-21-22,PENDING,487,Shannan Drayn,2,1135,Wine - Wyndham Estate Bin 777,Grocery,87
316,07-01-22,07-23-20,PENDING,992,Clovis Marvin,3,1117,Sage - Rubbed,Grocery,35
317,12-09-20,03-18-20,PENDING,420,Lek Danilin,3,1113,Muffin - Banana Nut Individual,Grocery,96
318,02-02-21,02-14-21,SHIPPED,171,Johnny Nasey,2,1005,Pepper - Red Thai,Grocery,40
319,10-23-22,09-19-21,PENDING,307,Reina Arthey,1,1171,Chinese Foods - Thick Noodles,Grocery,32
320,07-30-22,02-24-21,SHIPPED,711,Wiley Hugonet,3,1053,Sugar - Fine,Grocery,80
321,09-03-21,04-06-21,DELIVERED,246,Rora Hurch,2,1069,Island Oasis - Mango Daiquiri,Grocery,98
322,09-30-20,12-14-22,DELIVERED,577,Ave Greenalf,2,1056,Urban Zen Drinks,Grocery,75
323,02-10-21,02-25-20,PENDING,258,Blake Benyon,3,1132,Soup - Knorr. Chicken Noodle,Grocery,74
324,09-25-21,09-12-22,DELIVERED,920,Halsey Rookeby,2,1107,Pasta - Lasagna Noodle. Frozen,Grocery,45
325,08-03-21,04-05-20,PENDING,450,Vally Roby,1,1023,Dooleys Toffee,Grocery,15
326,12-25-21,01-02-23,SHIPPED,358,Gerek Kidman,1,1153,Sobe - Berry Energy,Grocery,36
327,01-04-20,10-09-20,DELIVERED,236,Kim Dunk,3,1041,Milk - Homo,Grocery,47
328,03-08-21,03-07-22,DELIVERED,539,Debi Sisnett,1,1085,Water - Mineral. Natural,Grocery,28
329,06-06-21,08-19-21,DELIVERED,329,Alfons Sherland,1,1177,Lemonade - Mandarin. 591 Ml,Grocery,36
330,11-05-21,05-25-20,DELIVERED,525,Tabby Pringour,2,1022,Savory,Grocery,100
331,06-25-20,01-22-21,SHIPPED,953,Sibley Withinshaw,2,1088,Vermouth - Sweet. Cinzano,Grocery,13
332,06-27-22,04-27-22,DELIVERED,407,Aubree Abells,3,1188,Soup Knorr Chili With Beans,Grocery,56
333,02-03-20,06-02-21,SHIPPED,594,Marcellina Barwell,3,1091,Creme De Banane - Marie,Grocery,82
334,12-30-21,12-26-20,DELIVERED,688,Alexis Bortolini,3,1088,Pomello,Grocery,87
335,12-06-22,11-21-22,PENDING,18,Marjorie Smorthwaite,2,1111,Scallops - 10/20,Grocery,56
336,07-01-22,12-04-22,PENDING,507,Chad Challinor,3,1068,Sansho Powder,Grocery,71
337,05-12-22,06-09-22,SHIPPED,568,Garth Rassmann,1,1040,Rambutan,Grocery,91
338,12-30-21,07-19-22,DELIVERED,157,Rorie Strutley,2,1012,Ecolab - Hobart Washarm End Cap,Grocery,59
339,04-27-22,05-29-20,DELIVERED,854,Lilas Lillee,1,1086,Berry Brulee,Grocery,69
340,04-28-21,08-04-21,SHIPPED,615,Darda Lavrinov,3,1024,Wine - Niagara.vqa Reisling,Grocery,47
341,04-25-21,07-08-21,PENDING,872,Tiphany Berford,2,1043,Pears - Fiorelle,Grocery,10
342,10-09-22,11-23-20,PENDING,445,Jemmy Kesten,2,1124,Pork - Inside,Grocery,69
343,09-05-22,10-05-21,SHIPPED,617,Jarrid Matyushkin,3,1174,Smoked Tongue,Grocery,91
344,04-17-22,01-04-23,DELIVERED,143,Randa Radenhurst,1,1151,Pasta - Penne Primavera. Single,Grocery,10
345,12-25-22,11-10-22,PENDING,460,Andrea Fusco,2,1093,Pastry - Butterscotch Baked,Grocery,35
346,04-09-21,04-16-20,DELIVERED,838,Colman Hucks,1,1092,Cake - French Pear Tart,Grocery,36
347,05-02-21,04-04-20,DELIVERED,132,Lexis Falls,1,1073,Towels - Paper / Kraft,Grocery,41
348,12-01-21,07-02-21,DELIVERED,587,Anthia Dufour,1,1045,Veal - Shank. Pieces,Grocery,61
349,10-06-20,05-22-21,DELIVERED,558,Kikelia Stanistrete,1,1060,Bag - Bread. White. Plain,Grocery,27
350,07-24-22,06-24-21,PENDING,533,Clement Allsupp,1,1092,Wasabi Paste,Grocery,36
351,06-02-22,02-17-20,PENDING,594,Daffie Leftbridge,1,1179,Wine - Coteaux Du Tricastin Ac,Grocery,52
352,09-18-22,10-08-21,PENDING,663,Atalanta Marran,3,1178,Wine - Rioja Campo Viejo,Grocery,55
353,08-08-21,04-10-20,SHIPPED,241,Alan Liveley,2,1088,Grenadillo,Grocery,79
354,11-30-21,10-24-21,PENDING,689,Harley Vitler,3,1190,Muffin - Banana Nut Individual,Grocery,35
355,03-10-22,07-17-20,SHIPPED,935,Baxy Trower,2,1198,Island Oasis - Wildberry,Grocery,45
356,08-16-22,09-28-20,DELIVERED,290,Warner Stanlike,2,1086,Towel Multifold,Grocery,46
357,11-19-22,04-04-22,SHIPPED,902,Lloyd Molian,3,1134,Teriyaki Sauce,Grocery,63
358,08-13-21,05-18-20,SHIPPED,788,Norris Besantie,1,1016,Sugar - Brown,Grocery,72
359,04-22-20,06-28-21,DELIVERED,95,Melissa Bartoleyn,3,1200,Quinoa,Grocery,28
360,06-16-21,05-20-21,DELIVERED,992,Dell Stebbing,3,1071,Rice - 7 Grain Blend,Grocery,99
361,10-05-22,11-30-22,SHIPPED,196,Jase Jeffreys,1,1122,Carbonated Water - Orange,Grocery,70
362,07-08-21,07-28-20,PENDING,38,Sally Aldins,2,1115,Bread - Rolls. Rye,Grocery,39
363,08-24-20,01-21-20,SHIPPED,47,Korry Sapena,1,1161,Nantucket - Carrot Orange,Grocery,34
364,10-06-21,09-02-22,DELIVERED,868,Kristos Bortolussi,3,1185,Orange - Canned. Mandarin,Grocery,69
365,05-02-21,09-28-21,SHIPPED,93,Farlee Kolushev,2,1198,Brandy Cherry - Mcguinness,Grocery,59
366,02-04-22,02-24-20,SHIPPED,91,Crissy Pinchon,2,1157,Samosa - Veg,Grocery,96
367,04-20-21,06-02-20,DELIVERED,523,Ardelia Kirke,3,1018,Barramundi,Grocery,86
368,04-17-21,01-29-22,PENDING,307,Cherice Phethean,3,1063,Sprouts - Onion,Grocery,77
369,05-09-20,08-19-20,SHIPPED,649,Melanie Catherick,1,1036,Wine - Spumante Bambino White,Grocery,88
370,06-11-21,12-14-20,DELIVERED,924,Ricardo Stevani,1,1090,Browning Caramel Glace,Grocery,60
371,05-08-21,10-31-20,SHIPPED,486,Helenelizabeth Corkish,3,1129,Strawberries,Grocery,24
372,11-21-20,05-10-21,SHIPPED,305,Whitney Lightbourn,3,1143,Wine - Piper Heidsieck Brut,Grocery,22
373,07-19-22,01-04-22,DELIVERED,757,Tirrell Roden,1,1055,Pineapple - Canned. Rings,Grocery,95
374,06-19-21,02-28-20,PENDING,736,Dianne Richley,1,1165,Flax Seed,Grocery,59
375,09-22-22,01-26-20,DELIVERED,979,Arney Bodycombe,2,1072,Cup - 3.5oz. Foam,Grocery,58
376,12-01-22,01-13-22,DELIVERED,886,Erich Trevallion,3,1054,Dill Weed - Dry,Grocery,19
377,07-12-21,02-12-21,PENDING,734,Hamlin Dyball,2,1049,Pepper - Chilli Seeds Mild,Grocery,26
378,12-03-22,09-29-20,DELIVERED,967,Kristan Spillman,3,1145,Coffee - Decaffeinato Coffee,Grocery,19
379,10-05-20,05-30-21,SHIPPED,488,Geri Walburn,1,1089,Muffins - Assorted,Grocery,14
380,08-06-20,03-29-21,DELIVERED,836,Morganne Ingre,3,1087,Pastry - Carrot Muffin - Mini,Grocery,59
381,09-17-20,12-07-20,PENDING,992,Lammond di Rocca,1,1074,Cheese - Gouda Smoked,Grocery,35
382,02-02-22,08-03-22,DELIVERED,665,Willis Hartfleet,1,1021,Nut - Walnut. Pieces,Grocery,57
383,12-15-22,05-15-20,SHIPPED,153,Matthieu Cardillo,3,1040,Pecan Raisin - Tarts,Grocery,85
384,06-14-22,08-10-22,SHIPPED,100,Siegfried Longo,1,1061,Cookie Chocolate Chip With,Grocery,80
385,03-13-22,01-27-21,DELIVERED,411,Lexie Silvester,3,1091,Squash - Sunburst,Grocery,48
386,10-23-20,09-06-22,SHIPPED,511,Aloin Sylett,1,1046,Chicken Breast Wing On,Grocery,62
387,02-21-22,08-02-22,DELIVERED,981,Agretha Commuzzo,2,1096,Beer - Corona,Grocery,29
388,07-20-22,10-11-20,PENDING,771,Sybille Hanfrey,2,1051,Wheat - Soft Kernal Of Wheat,Grocery,31
389,12-18-20,06-26-22,PENDING,539,Tully Hardan,1,1112,Almonds Ground Blanched,Grocery,99
390,03-06-21,12-31-20,PENDING,124,Jaquenetta Emanuelli,1,1124,Phyllo Dough,Grocery,63
391,08-21-20,02-12-20,DELIVERED,235,Rianon Sivess,3,1120,Wine - Balbach Riverside,Grocery,14
392,11-12-21,04-16-20,SHIPPED,664,Addie Quare,2,1114,Oneshot Automatic Soap System,Grocery,27
393,05-10-21,12-03-20,SHIPPED,483,Gwyneth Farrant,2,1122,Beef - Rib Roast. Capless,Grocery,20
394,06-06-20,03-04-21,PENDING,363,Clemens De Winton,1,1105,Onion - Dried,Grocery,19
395,09-15-20,05-03-20,SHIPPED,382,Margy Irons,1,1193,Chilli Paste. Ginger Garlic,Grocery,93
396,03-03-20,10-29-22,SHIPPED,412,Adria Jewers,3,1099,Couscous,Grocery,86
397,01-14-20,02-22-22,PENDING,665,Tammi De Luna,3,1089,Extract - Lemon,Grocery,13
398,01-16-20,07-08-20,SHIPPED,358,Lewes Janda,1,1053,Zucchini - Green,Grocery,27
399,03-07-22,06-17-20,DELIVERED,339,Kerri Tabour,2,1020,Sea Urchin,Grocery,39
400,03-20-21,07-19-20,PENDING,310,Honey Andrivel,3,1024,Yoghurt Tubes,Grocery,28
401,03-27-22,09-18-22,PENDING,23,Dacia Gotcher,1,1075,Beef - Striploin,Grocery,50
402,04-24-22,01-15-21,DELIVERED,942,Ashly Ramas,2,1105,Banana,Grocery,89
403,07-13-20,10-11-21,SHIPPED,660,Lucienne Bulmer,2,1149,Muffin Batt - Ban Dream Zero,Grocery,15
404,04-24-22,01-13-22,SHIPPED,287,Ranee Guidi,1,1186,Wine - Winzer Krems Gruner,Grocery,59
405,12-16-21,01-15-21,SHIPPED,422,Glenn Atlee,1,1056,Dragon Fruit,Grocery,86
406,03-06-21,12-13-21,DELIVERED,399,Pauline Cordeau],1,1025,Baking Powder,Grocery,23
407,06-08-22,02-09-22,DELIVERED,377,Eachelle Haukey,1,1187,Sesame Seed Black,Grocery,40
408,06-30-21,08-21-22,DELIVERED,729,Christiane Loker,1,1114,Dc - Frozen Momji,Grocery,60
409,09-22-20,10-21-21,DELIVERED,447,Darcy Chettle,3,1087,Fudge - Cream Fudge,Grocery,18
410,03-20-20,07-08-22,SHIPPED,838,Lucilia Hobbert,1,1198,Cheese - Mix,Grocery,49
411,07-30-20,11-24-22,DELIVERED,537,Iseabal Passfield,3,1064,Beef - Striploin Aa,Grocery,50
412,05-23-20,09-18-21,PENDING,993,Pat Proven,2,1191,Muffin - Banana Nut Individual,Grocery,54
413,01-28-20,08-06-22,PENDING,98,Budd Negal,1,1153,Quinoa,Grocery,39
414,03-08-21,06-11-20,PENDING,230,Wileen Hansley,3,1008,Soup - Knorr. Chicken Gumbo,Grocery,64
415,10-28-20,01-04-21,DELIVERED,672,Meade Fewkes,2,1058,Cheese - Perron Cheddar,Grocery,68
416,08-14-22,10-05-20,SHIPPED,330,Malvina Jeckells,2,1109,Soup - Campbellschix Stew,Grocery,48
417,05-13-22,01-12-22,PENDING,406,Douglass Denziloe,1,1173,Pepper - Red Thai,Grocery,86
418,05-01-22,11-03-20,DELIVERED,348,Terrijo Vautre,3,1192,Crackers - Trio,Grocery,54
419,01-09-20,02-26-21,SHIPPED,642,Tory Josefer,1,1048,Grapes - Green,Grocery,83
420,09-27-20,09-03-20,PENDING,142,Caralie Marginson,3,1120,Creme De Cacao Mcguines,Grocery,11
421,12-19-20,12-10-21,SHIPPED,261,Ricki Jutson,3,1103,Shrimp. Dried. Small / Lb,Grocery,21
422,11-30-21,12-08-22,DELIVERED,263,Udale Trowell,1,1140,The Pop Shoppe Pinapple,Grocery,65
423,08-17-20,08-04-22,SHIPPED,72,Arabel Wassell,2,1088,Lamb - Whole Head Off.nz,Grocery,61
424,05-21-20,07-28-22,DELIVERED,285,Liz Penhalewick,3,1002,Kiwi Gold Zespri,Grocery,98
425,02-24-20,01-17-20,PENDING,309,Xavier Fritchly,1,1181,Plate Pie Foil,Grocery,71
426,03-09-22,10-02-21,DELIVERED,949,Tucky Sofe,2,1186,Beans - Fava. Canned,Grocery,61
427,06-25-20,07-29-20,DELIVERED,180,Stanislas Durtnel,2,1059,Bananas,Grocery,51
428,06-07-22,07-30-21,PENDING,86,Roddie Woolaghan,3,1087,Smoked Tongue,Grocery,57
429,03-10-22,01-23-20,DELIVERED,268,Juli Pesik,2,1132,Roe - Lump Fish. Black,Grocery,49
430,08-06-20,09-25-22,PENDING,498,Abbot Baseley,2,1120,Marjoram - Fresh,Grocery,39
431,11-22-20,10-31-22,PENDING,202,Shara Ors,3,1052,Schnappes Peppermint - Walker,Grocery,48
432,03-17-20,08-01-22,PENDING,189,Bellanca Ollcott,3,1174,Fish - Atlantic Salmon. Cold,Grocery,65
433,08-25-20,07-20-20,SHIPPED,25,Flory Medlen,2,1093,Ice Cream - Strawberry,Grocery,55
434,08-16-21,06-25-22,SHIPPED,197,Elianora Berendsen,3,1158,Island Oasis - Magarita Mix,Grocery,59
435,04-12-22,11-02-22,DELIVERED,275,Guendolen Messiter,1,1169,Appetizer - Lobster Phyllo Roll,Grocery,30
436,12-29-20,06-19-22,SHIPPED,553,Ruddy Julyan,2,1186,Muffin Mix - Banana Nut,Grocery,84
437,10-01-20,04-20-20,SHIPPED,633,Cordelia Benedict,3,1172,Rum - Spiced. Captain Morgan,Grocery,24
438,12-09-21,02-19-22,DELIVERED,69,Lukas Janaud,2,1090,Blue Curacao - Marie Brizard,Grocery,49
439,03-25-20,05-16-22,SHIPPED,341,Gilli O'Lahy,3,1083,Wine - Manischewitz Concord,Grocery,25
440,12-02-21,03-15-22,PENDING,686,Pandora Griffin,1,1019,Quail - Whole. Bone - In,Grocery,31
441,06-21-21,02-05-20,SHIPPED,591,Alfred Vinson,2,1088,Tray - Foam. Square 4 - S,Grocery,13
442,05-14-21,06-11-20,PENDING,46,Georgy Clulee,1,1029,Sugar - Palm,Grocery,34
443,11-23-22,09-05-22,PENDING,751,Gunther Dowrey,1,1187,Thermometer Digital,Grocery,87
444,06-29-21,08-27-21,SHIPPED,282,Bettye Bewicke,1,1007,Sultanas,Grocery,66
445,04-29-21,11-08-21,SHIPPED,907,Cori Charity,1,1117,Cookie - Oreo 100x2,Grocery,99
446,02-06-20,08-21-20,SHIPPED,881,Devon Vignal,2,1018,Sauce - White. Mix,Grocery,58
447,10-11-22,11-15-22,DELIVERED,657,Rebbecca Russilll,1,1135,Flour - So Mix Cake White,Grocery,33
448,06-16-20,08-16-20,PENDING,165,Trish Ceschi,1,1128,Pepper - Sorrano,Grocery,46
449,01-25-22,03-29-22,PENDING,333,Lenora Decruse,3,1074,Tequila - Sauza Silver,Grocery,78
450,08-10-20,12-07-20,SHIPPED,65,Candra Jerzycowski,3,1052,Cheese - Cheddar. Mild,Grocery,11
451,06-02-22,05-29-20,SHIPPED,572,Zackariah Fawdry,2,1151,Wine - Coteaux Du Tricastin Ac,Grocery,94
452,10-27-21,12-27-20,SHIPPED,18,Biddy Malpass,1,1029,Onions - Cooking,Grocery,11
453,02-14-22,08-06-22,DELIVERED,115,Meriel Leadbitter,3,1097,Pastrami,Grocery,41
454,02-20-22,11-13-20,PENDING,328,Reinaldo Osgarby,1,1159,Vermouth - White. Cinzano,Grocery,72
455,01-27-20,07-29-22,PENDING,930,Raffarty Scown,1,1167,Mcgillicuddy Vanilla Schnap,Grocery,73
456,09-02-20,11-06-20,SHIPPED,728,Erin Staddart,1,1049,Shrimp - 31/40,Grocery,48
457,03-25-21,07-03-20,SHIPPED,839,Jeffie De Ferraris,2,1112,Cookie - Dough Variety,Grocery,32
458,07-16-20,11-16-22,PENDING,284,Gert Giddens,2,1180,Wine - Chardonnay South,Grocery,70
459,01-12-21,08-21-20,DELIVERED,243,Norton Garley,1,1103,Sugar - Invert,Grocery,25
460,07-01-20,07-25-20,SHIPPED,326,Nico Kaines,3,1049,Kirsch - Schloss,Grocery,53
461,06-29-22,09-15-20,PENDING,634,Hale Pennell,1,1174,Pumpkin,Grocery,44
462,11-03-21,09-17-21,SHIPPED,735,Bryna Gransden,3,1136,Chicken - Thigh. Bone In,Grocery,46
463,01-02-22,03-28-21,PENDING,867,Hedvig Rutter,3,1117,Pepper - Black. Crushed,Grocery,96
464,05-03-20,02-04-22,DELIVERED,811,Maynord Pettyfar,2,1101,Petite Baguette,Grocery,38
465,11-13-21,06-24-20,SHIPPED,673,Estella Phython,1,1034,Sobe - Liz Blizz,Grocery,37
466,08-01-20,11-30-20,PENDING,571,Paddie Seamer,1,1102,Lemonade - Pineapple Passion,Grocery,69
467,05-17-21,09-25-21,PENDING,848,Lina Dyott,1,1020,Nut - Macadamia,Grocery,21
468,06-21-21,11-01-22,PENDING,353,Shanon Pietrzyk,1,1057,Sour Puss - Tangerine,Grocery,47
469,11-06-21,09-24-21,SHIPPED,123,Margeaux Attkins,1,1172,Pepper - Green Thai,Grocery,31
470,09-24-21,08-31-21,DELIVERED,873,Tome Sutherden,2,1067,Saskatoon Berries - Frozen,Grocery,99
471,01-13-21,02-08-21,SHIPPED,263,Patrizius McLay,2,1098,Cheese - Gouda Smoked,Grocery,68
472,05-23-20,10-21-20,DELIVERED,551,Blair Dohmer,3,1165,Pear - Asian,Grocery,34
473,12-18-20,10-20-20,PENDING,370,Rolf Lentsch,1,1025,Water - Evian 355 Ml,Grocery,22
474,12-21-21,08-24-22,SHIPPED,687,Loleta Elphee,1,1037,Cheese - Valancey,Grocery,26
475,07-12-22,01-08-21,DELIVERED,728,Leora Schruur,2,1149,Nantucket - Kiwi Berry Cktl.,Grocery,34
476,05-09-22,11-22-20,DELIVERED,14,Eldon Bunney,1,1141,Truffle Cups - Brown,Grocery,24
477,02-16-22,06-16-20,PENDING,256,Gardy Hayton,3,1019,Sauce Bbq Smokey,Grocery,24
478,08-13-21,10-18-22,DELIVERED,312,Jon Vass,2,1097,Pastry - Butterscotch Baked,Grocery,14
479,05-22-21,03-09-22,SHIPPED,559,Duke Marthen,2,1135,Loquat,Grocery,55
480,05-11-21,08-10-20,SHIPPED,954,Quillan Ewington,1,1182,Venison - Denver Leg Boneless,Grocery,80
481,11-28-21,05-05-21,PENDING,579,Andris Beincken,3,1076,Pork - Backs - Boneless,Grocery,69
482,07-30-20,11-05-22,SHIPPED,148,Pavlov Maudett,2,1107,Capers - Ox Eye Daisy,Grocery,93
483,07-25-22,07-13-21,DELIVERED,452,Lenard Furby,1,1138,Pepper - Black. Whole,Grocery,22
484,02-01-21,03-04-21,DELIVERED,321,Giuditta Decourcy,3,1090,Bread - Rolls. Rye,Grocery,82
485,07-29-22,07-26-21,PENDING,627,Alyson Magister,2,1085,Wine - Black Tower Qr,Grocery,88
486,09-10-20,12-05-22,SHIPPED,26,Allard Marion,3,1168,Appetizer - Cheese Bites,Grocery,84
487,12-25-20,10-03-20,DELIVERED,480,Mari Barry,1,1127,Wine - Vineland Estate Semi - Dry,Grocery,83
488,04-07-22,05-02-22,SHIPPED,440,Olivette Doxsey,3,1091,Savory,Grocery,25
489,03-09-22,02-05-20,DELIVERED,144,Alfy Moss,3,1108,Tequila - Sauza Silver,Grocery,55
490,09-12-21,06-23-21,PENDING,920,Brandie Perham,1,1108,Scotch - Queen Anne,Grocery,60
491,06-17-20,05-03-20,SHIPPED,913,Johnette De Roberto,3,1142,Cheese Cloth No 60,Grocery,92
492,09-27-21,09-07-22,SHIPPED,708,Candis Ballchin,1,1112,Wine - White. Antinore Orvieto,Grocery,35
493,06-20-21,12-10-20,DELIVERED,733,Lucilia Jirieck,3,1028,Wine - White. Antinore Orvieto,Grocery,47
494,07-20-22,07-30-20,PENDING,805,Mirabelle Mulliss,2,1052,Cheese - Provolone,Grocery,61
495,04-04-21,08-20-20,PENDING,345,Audry Couthard,1,1057,Longos - Grilled Chicken With,Grocery,43
496,02-24-22,09-15-22,PENDING,226,Bryant Zeplin,1,1129,Cucumber - Pickling Ontario,Grocery,16
497,02-05-21,03-26-20,PENDING,796,Suzy Scotchmur,3,1137,Chicken - Ground,Grocery,74
498,10-09-21,03-11-21,SHIPPED,680,Kylie Raggatt,2,1044,Monkfish Fresh - Skin Off,Grocery,83
499,10-04-21,01-03-23,DELIVERED,537,Shurwood Sidworth,1,1071,Toothpick Frilled,Grocery,44
500,02-15-21,07-27-21,SHIPPED,684,Leonie Reilly,3,1053,Extract Vanilla Pure,Grocery,71
501,03-15-20,03-10-22,SHIPPED,489,Fritz Dyott,1,1199,Ocean Spray - Ruby Red,Grocery,40
502,05-26-22,01-30-22,SHIPPED,428,Gene Benedettini,2,1165,Apple - Custard,Grocery,99
503,06-30-21,11-14-20,DELIVERED,513,Eugenius Bilbrooke,3,1132,Crab - Soft Shell,Grocery,45
504,05-16-21,01-12-20,SHIPPED,667,Felice Bohman,3,1149,Sprouts Dikon,Grocery,57
505,03-06-20,09-28-22,SHIPPED,989,Valentin Machin,2,1035,Bread - White. Sliced,Grocery,31
506,06-07-22,07-09-20,SHIPPED,38,Oliver Goodright,1,1182,Wine - Magnotta - Pinot Gris Sr,Grocery,79
507,08-06-21,02-13-21,DELIVERED,656,Zaccaria Pavic,3,1098,Nut - Cashews. Whole. Raw,Grocery,54
508,10-28-21,09-27-21,PENDING,119,Wynn Bucksey,1,1149,Daves Island Stinger,Grocery,50
509,04-18-22,03-23-21,PENDING,914,Shandie Torbeck,1,1033,Sambuca Cream,Grocery,82
510,08-08-20,11-21-21,DELIVERED,133,Sherwin Harcus,2,1019,Carrots - Jumbo,Grocery,39
511,04-03-21,04-29-22,DELIVERED,501,Goldie Gregolotti,1,1183,Lamb - Whole. Fresh,Grocery,46
512,09-13-21,04-28-20,DELIVERED,350,Georgina Meriott,3,1137,Tomatoes - Vine Ripe. Red,Grocery,92
513,06-23-20,12-31-21,SHIPPED,956,Aimil Storrie,3,1117,Barramundi,Grocery,63
514,06-09-22,12-11-22,DELIVERED,284,Mace Kiggel,2,1046,Caviar - Salmon,Grocery,91
515,10-30-21,11-18-22,DELIVERED,849,Odelle Ricard,3,1006,Chocolate - Sugar Free Semi Choc,Grocery,80
516,11-26-21,08-26-20,PENDING,272,Pammie Bendin,2,1004,Beef Wellington,Grocery,31
517,10-11-21,02-19-20,PENDING,529,Philbert Ondricek,3,1034,Carbonated Water - Blackberry,Grocery,71
518,06-27-22,01-19-22,DELIVERED,172,Bear Vecard,2,1013,Calvados - Boulard,Grocery,69
519,08-05-20,08-30-21,DELIVERED,334,Kym Germann,1,1129,Blouse / Shirt / Sweater,Grocery,82
520,09-08-22,06-06-20,SHIPPED,920,Robinette Castelain,2,1129,Lamb - Leg. Boneless,Grocery,87
521,10-13-20,08-26-20,PENDING,216,Forester Bywater,1,1030,Bread - Malt,Grocery,63
522,10-20-20,06-08-22,PENDING,455,Ryan Henworth,1,1076,Doilies - 5. Paper,Grocery,94
523,08-01-21,05-14-21,PENDING,625,Bald Eagger,2,1159,Cheese - Valancey,Grocery,13
524,01-29-21,01-17-21,SHIPPED,85,Tiffany D'Orsay,3,1127,Oil - Cooking Spray,Grocery,50
525,02-20-22,09-22-20,PENDING,699,Ortensia Shuttlewood,2,1189,Wine - Fume Blanc Fetzer,Grocery,83
526,12-31-20,03-14-22,PENDING,158,Merle Hardstaff,1,1161,Tea - Green,Grocery,33
527,08-24-20,04-28-20,PENDING,693,Tiffy Pedder,1,1068,Lychee,Grocery,48
528,09-24-20,12-27-21,DELIVERED,198,Nilson Shuttell,1,1136,Beans - Black Bean. Preserved,Grocery,68
529,08-02-22,11-22-22,SHIPPED,476,Concettina Colbridge,3,1092,Juice - Clam. 46 Oz,Grocery,54
530,06-10-22,09-07-21,SHIPPED,623,Caddric Bosden,3,1148,Puree - Blackcurrant,Grocery,99
531,03-28-20,01-08-21,SHIPPED,73,Eleonore Heaps,2,1024,Tortillas - Flour. 12,Grocery,61
532,06-30-21,02-16-20,PENDING,480,Natalina Bratch,3,1185,Soup - Canadian Pea. Dry Mix,Grocery,68
533,07-25-21,07-03-20,DELIVERED,836,Chrisy Sturgess,2,1014,Initation Crab Meat,Grocery,31
534,10-12-22,01-16-20,SHIPPED,676,Stillman Bruckstein,2,1033,Appetizer - Asian Shrimp Roll,Grocery,45
535,11-22-20,04-15-21,SHIPPED,614,Raquel Smelley,2,1002,Sobe - Tropical Energy,Grocery,40
536,09-08-22,04-07-20,DELIVERED,793,Nona Hursey,3,1130,Spice - Montreal Steak Spice,Grocery,20
537,10-20-21,01-28-21,SHIPPED,543,Warde Arnull,2,1174,Lidsoupcont Rp12dn,Grocery,66
538,11-24-21,05-28-20,SHIPPED,545,Elliott Hanny,1,1088,Water - Spring 1.5lit,Grocery,41
539,05-29-21,05-10-20,PENDING,838,Richardo Yuryaev,3,1009,Lobster - Cooked,Grocery,11
540,11-29-21,12-09-20,DELIVERED,712,Creight Gainor,3,1019,Cup Translucent 9 Oz,Grocery,23
541,06-05-21,05-26-21,PENDING,281,Barn Stoffler,3,1087,Melon - Honey Dew,Grocery,20
542,06-05-21,01-22-22,DELIVERED,124,Charity Cazalet,1,1021,Vodka - Lemon. Absolut,Grocery,55
543,07-28-21,01-19-22,PENDING,601,Viv Dunnan,2,1034,Beer - Blue Light,Grocery,61
544,03-29-22,05-10-20,SHIPPED,82,Emlynne Feige,3,1168,Squid U5 - Thailand,Grocery,44
545,01-02-21,07-04-21,DELIVERED,773,Brande Adamides,2,1042,Pepper - Julienne. Frozen,Grocery,59
546,05-27-20,07-21-20,SHIPPED,167,Julio Goning,1,1167,Devonshire Cream,Grocery,56
547,07-05-21,07-12-20,PENDING,50,Rachel Percifull,1,1127,Wine - Red. Pelee Island Merlot,Grocery,60
548,12-30-22,07-13-20,DELIVERED,78,Ambros Scholar,3,1055,Beef - Top Butt Aaa,Grocery,49
549,01-05-20,11-02-21,SHIPPED,352,Jimmie Sibbald,3,1011,Yogurt - Plain,Grocery,57
550,12-22-22,08-20-20,PENDING,448,Jillian Bayman,3,1084,Tea - Lemon Scented,Grocery,42
551,06-09-21,05-19-20,DELIVERED,265,Guenevere Mallock,3,1133,Tea - Vanilla Chai,Grocery,27
552,01-21-21,07-07-22,PENDING,293,Torr Joesbury,2,1140,Langers - Mango Nectar,Grocery,38
553,09-09-20,08-12-20,PENDING,514,Orland Douse,1,1153,Potatoes - Mini White 3 Oz,Grocery,20
554,08-24-20,05-08-21,SHIPPED,40,Calla Seman,3,1039,Beef - Bresaola,Grocery,31
555,04-03-21,04-21-20,SHIPPED,651,Reinald Mazey,3,1197,Mushroom - Chantrelle. Fresh,Grocery,43
556,12-28-22,10-29-20,DELIVERED,310,Sidonia Van Zon,2,1071,Sterno - Chafing Dish Fuel,Grocery,92
557,03-07-21,12-13-22,PENDING,540,Scotti Friar,1,1003,Yeast - Fresh. Fleischman,Grocery,94
558,08-06-21,06-04-20,SHIPPED,628,Brigida Bake,3,1065,Pineapple - Golden,Grocery,23
559,04-04-21,02-13-20,SHIPPED,173,Joelie MacMillan,2,1017,Olives - Kalamata,Grocery,35
560,04-11-21,02-08-20,DELIVERED,36,Clemmy Le Brun,3,1017,Pepper - Paprika. Spanish,Grocery,24
561,12-13-22,09-05-22,SHIPPED,534,Kaitlyn Gillatt,2,1090,Wine - Magnotta - Bel Paese White,Grocery,90
562,09-09-22,01-22-20,DELIVERED,685,Emerson Seton,3,1121,Wine - Vineland Estate Semi - Dry,Grocery,38
563,09-10-22,03-30-20,SHIPPED,158,Alair Daout,3,1011,Rice - Brown,Grocery,79
564,06-02-22,08-16-21,PENDING,455,Adele Puddin,1,1166,Blue Curacao - Marie Brizard,Grocery,30
565,11-26-22,08-31-20,SHIPPED,277,Ardath Sholl,3,1133,Clams - Bay,Grocery,68
566,09-19-21,09-03-22,SHIPPED,777,Flory Beesley,3,1102,Spice - Paprika,Grocery,59
567,03-11-20,01-31-20,DELIVERED,111,Gerick Feavyour,2,1179,Mushroom - Morel Frozen,Grocery,79
568,12-22-22,09-15-20,DELIVERED,552,Ruddie Koba,2,1054,Aspic - Light,Grocery,85
569,02-27-20,02-06-22,PENDING,30,Elbertina Stockings,2,1056,Pastry - French Mini Assorted,Grocery,98
570,02-17-22,10-16-22,PENDING,260,Avivah Feifer,3,1013,V8 - Berry Blend,Grocery,14
571,08-25-21,01-21-20,SHIPPED,145,Alvinia Kevane,3,1056,Veal - Tenderloin. Untrimmed,Grocery,67
572,03-30-22,05-07-21,SHIPPED,991,Tab Stallion,3,1031,Sterno - Chafing Dish Fuel,Grocery,30
573,07-29-22,06-19-22,SHIPPED,427,Elicia McCrum,3,1107,Green Scrubbie Pad H.duty,Grocery,44
574,02-05-21,04-22-20,SHIPPED,700,Britni Wolvey,1,1089,Rice Paper,Grocery,86
575,04-14-20,06-30-22,SHIPPED,674,Keelia Kopke,3,1186,Mustard - Seed,Grocery,14
576,08-17-20,01-18-22,SHIPPED,679,Betteanne Drakeley,3,1110,Flour - So Mix Cake White,Grocery,66
577,06-20-22,08-31-21,SHIPPED,729,Isobel Costell,2,1149,Lemon Tarts,Grocery,39
578,09-27-20,09-17-20,PENDING,664,Arlyn Rookledge,2,1041,Goat - Leg,Grocery,41
579,11-18-22,05-13-22,SHIPPED,108,Francisco Abrey,1,1002,Sandwich Wrap,Grocery,40
580,09-13-21,09-24-22,DELIVERED,171,Katlin Elener,1,1186,Juice - Apple 284ml,Grocery,76
581,02-16-21,05-06-20,SHIPPED,179,Isa Drinkall,3,1064,Pasta - Fettuccine. Egg. Fresh,Grocery,57
582,10-31-22,10-20-20,SHIPPED,848,Kerstin Georgelin,3,1082,Veal - Leg,Grocery,82
583,03-22-20,09-16-22,PENDING,210,Claribel Slyvester,2,1197,Soup - Campbells Chicken,Grocery,84
584,09-05-21,12-09-22,DELIVERED,970,Blinnie Hearne,2,1058,Ecolab - Hobart Upr Prewash Arm,Grocery,12
585,12-24-22,12-12-22,SHIPPED,452,Symon Vagges,3,1009,Yeast - Fresh. Fleischman,Grocery,55
586,03-22-22,06-07-22,PENDING,808,Meredith Priddle,3,1014,Ecolab - Mikroklene 4/4 L,Grocery,94
587,09-03-21,10-10-21,DELIVERED,216,Baily Wontner,3,1087,Cookie Dough - Chunky,Grocery,91
588,06-02-20,10-25-20,DELIVERED,956,La verne Williment,3,1169,Turkey Tenderloin Frozen,Grocery,33
589,06-19-21,01-29-22,SHIPPED,680,Colas Goldney,1,1102,Cookies - Englishbay Oatmeal,Grocery,84
590,02-14-22,11-23-21,PENDING,687,Kameko Fulton,2,1189,Oil - Canola,Grocery,93
591,12-16-22,11-03-20,SHIPPED,755,Leland Minchinden,1,1034,Savory,Grocery,12
592,01-08-20,08-04-20,DELIVERED,565,Nichole Headland,2,1170,Beef - Ground Medium,Grocery,96
593,12-05-21,11-24-21,SHIPPED,847,Hope Caldero,2,1073,Garbage Bag - Clear,Grocery,81
594,08-31-20,07-14-21,PENDING,450,Verene Eberlein,3,1184,Soup - Campbells,Grocery,48
595,08-10-22,09-13-20,SHIPPED,444,Dalston Woodings,1,1140,Kumquat,Grocery,34
596,07-25-21,11-10-20,DELIVERED,10,Sarene Menci,2,1011,Pepsi - 600ml,Grocery,91
597,11-30-21,02-08-22,DELIVERED,145,Gabrila Fairleigh,2,1093,Lettuce - Sea / Sea Asparagus,Grocery,82
598,09-05-22,02-11-21,SHIPPED,544,Ram Labat,1,1073,Compound - Pear,Grocery,52
599,03-23-20,03-10-21,SHIPPED,617,Sandy Siene,1,1068,Veal - Kidney,Grocery,69
600,01-06-22,12-11-21,SHIPPED,297,Kelly Kille,3,1166,Cheese - Goat With Herbs,Grocery,89
601,08-18-20,07-09-21,SHIPPED,135,Herold Abelwhite,1,1059,Bread - Pullman. Sliced,Grocery,25
602,08-09-21,10-27-22,PENDING,207,Tomasine Cossam,3,1074,Marjoram - Dried. Rubbed,Grocery,58
603,05-18-21,07-23-20,SHIPPED,849,Vasili Babe,3,1056,Sambuca Cream,Grocery,37
604,06-15-20,08-15-22,SHIPPED,245,Lennard Stuchbury,3,1154,Foil Wrap,Grocery,63
605,08-23-20,10-07-22,PENDING,135,Vannie Petrashov,3,1007,Scallops - In Shell,Grocery,91
606,07-29-21,03-18-20,PENDING,964,Tresa Clyne,1,1038,Chips Potato All Dressed - 43g,Grocery,60
607,07-05-22,10-27-20,PENDING,873,Mallory Rackam,3,1058,Seedlings - Mix. Organic,Grocery,20
608,11-30-21,11-14-20,DELIVERED,435,Hyacintha Beden,1,1114,Arctic Char - Fillets,Grocery,36
609,01-18-21,04-25-21,PENDING,47,Tabatha Pessolt,3,1114,Bread - Roll. Whole Wheat,Grocery,42
610,03-05-21,08-31-20,SHIPPED,857,Elicia Guys,3,1017,Crawfish,Grocery,96
611,09-30-21,10-12-20,PENDING,44,Theda Easeman,3,1078,Ice Cream Bar - Hagen Daz,Grocery,10
612,02-12-21,03-17-21,PENDING,188,Granger Munden,3,1102,Doilies - 8. Paper,Grocery,50
613,05-21-20,12-24-21,SHIPPED,581,Gibb Parkins,2,1189,Table Cloth 62x120 Colour,Grocery,12
614,01-16-22,03-30-20,DELIVERED,533,Anatol Hedditch,2,1091,Crackers - Soda / Saltins,Grocery,12
615,05-12-22,12-20-22,PENDING,199,Hugibert Glison,2,1188,Tomatoes - Roma,Grocery,70
616,05-24-22,06-12-21,PENDING,696,Madella Jinks,2,1105,Flower - Carnations,Grocery,60
617,10-14-21,11-05-22,SHIPPED,22,Aluino Meiklam,2,1132,Bread - Focaccia Quarter,Grocery,38
618,06-11-21,12-09-21,DELIVERED,723,Melitta Barringer,2,1010,Seedlings - Clamshell,Grocery,35
619,10-12-22,07-04-22,SHIPPED,892,Sharlene Hearns,3,1053,Star Anise. Whole,Grocery,25
620,11-10-20,01-10-20,SHIPPED,368,Ellery Skull,2,1076,Chambord Royal,Grocery,34
621,07-03-22,12-07-20,DELIVERED,614,Cyril Shergill,2,1169,Syrup - Monin - Passion Fruit,Grocery,54
622,05-20-21,06-07-21,PENDING,329,Carley Kleinsinger,1,1029,Beef Wellington,Grocery,29
623,08-16-22,01-11-21,SHIPPED,742,Arri Bretelle,3,1076,Peas - Frozen,Grocery,24
624,07-04-20,08-27-21,SHIPPED,424,Johannah Hedley,3,1175,Cookies - Assorted,Grocery,49
625,01-30-22,09-18-22,DELIVERED,340,Zack Bissell,3,1093,Rosemary - Fresh,Grocery,45
626,03-30-21,04-26-21,DELIVERED,140,Edgard Fabbri,1,1108,Muffin Mix - Corn Harvest,Grocery,64
627,12-22-22,04-11-22,PENDING,809,Roddy Glowach,1,1121,Cod - Fillets,Grocery,52
628,05-27-20,08-03-22,PENDING,468,Cherin Hender,2,1181,Chevril,Grocery,38
629,10-11-22,05-22-20,DELIVERED,294,Freeland Treppas,3,1159,Calvados - Boulard,Grocery,39
630,05-29-21,12-24-22,PENDING,758,Julieta Taylour,1,1092,Tuna - Sushi Grade,Grocery,74
631,09-17-22,01-01-22,SHIPPED,749,Jaimie Thorlby,2,1048,Mussels - Frozen,Grocery,35
632,09-25-22,05-19-20,PENDING,900,Estevan Darlasson,1,1028,Sauce - Plum,Grocery,58
633,03-06-21,04-18-21,DELIVERED,698,Rickert Walaron,1,1004,Salmon Steak - Cohoe 6 Oz,Grocery,81
634,10-07-21,07-03-21,SHIPPED,429,Fanechka Solomonides,1,1101,Cup - 3.5oz. Foam,Grocery,42
635,09-23-21,08-30-21,PENDING,796,Myer Tumelty,3,1155,Danishes - Mini Cheese,Grocery,51
636,03-24-22,11-28-22,SHIPPED,185,Rivy Logg,1,1135,Carrots - Mini Red Organic,Grocery,85
637,02-14-20,12-30-22,SHIPPED,461,Bekki Bendixen,1,1059,Table Cloth 62x120 Colour,Grocery,90
638,10-01-22,02-13-21,PENDING,456,Viviana Koppeck,2,1098,Cabbage Roll,Grocery,30
639,11-27-20,01-05-22,PENDING,770,Helene Catmull,1,1032,Garam Masala Powder,Grocery,64
640,05-23-20,03-01-22,DELIVERED,933,Tremain Begent,3,1072,Tea - Vanilla Chai,Grocery,66
641,10-02-20,08-01-21,SHIPPED,674,Nat Peterken,3,1152,Cheese - Ermite Bleu,Grocery,11
642,04-09-20,11-15-20,PENDING,383,Claudio Saphin,2,1009,Lettuce - Romaine. Heart,Grocery,97
643,04-06-22,03-14-22,SHIPPED,763,Pete Hryncewicz,3,1073,Greens Mustard,Grocery,85
644,05-03-21,07-15-22,SHIPPED,993,Kerr Killen,1,1019,Veal - Loin,Grocery,66
645,02-08-22,03-08-22,SHIPPED,672,Freddie Rolfs,2,1040,Plate Pie Foil,Grocery,38
646,08-25-20,12-28-21,SHIPPED,789,Conrade McLelland,2,1200,Lettuce - Romaine,Grocery,79
647,10-04-22,12-27-21,DELIVERED,147,Neille Perritt,2,1179,Roe - Lump Fish. Black,Grocery,11
648,10-10-20,02-19-21,DELIVERED,142,Latisha Lovewell,2,1037,Soup - Campbells - Tomato,Grocery,86
649,11-29-22,09-19-21,PENDING,944,Darrel Ferrieres,3,1142,Clams - Littleneck. Whole,Grocery,41
650,12-22-21,05-03-22,PENDING,355,Darcy Maddy,2,1155,Wine - Tribal Sauvignon,Grocery,31
651,07-12-22,09-16-21,DELIVERED,592,Zahara Wildbore,3,1198,Potatoes - Yukon Gold 5 Oz,Grocery,69
652,03-06-20,12-24-21,PENDING,428,Analiese Ranking,3,1100,Fiddlehead - Frozen,Grocery,21
653,08-04-21,01-01-23,PENDING,375,Carrol Kincla,3,1149,Peas Snow,Grocery,53
654,03-30-22,02-20-21,DELIVERED,568,Dewey Stearndale,2,1104,Celery,Grocery,89
655,06-18-22,11-30-21,DELIVERED,877,Melamie Simonini,1,1056,Juice - Ocean Spray Cranberry,Grocery,21
656,09-18-21,12-10-22,SHIPPED,259,Marylin Phizakarley,2,1145,V8 - Vegetable Cocktail,Grocery,93
657,03-26-22,03-27-20,DELIVERED,738,Ced Glass,2,1194,Rice Paper,Grocery,52
658,07-07-22,09-01-22,SHIPPED,592,Winn Cowles,2,1158,Parsley - Fresh,Grocery,66
659,10-22-22,08-09-21,SHIPPED,819,Nikolaus Brahm,2,1180,Tomato - Peeled Italian Canned,Grocery,54
660,07-23-22,08-18-22,DELIVERED,83,Chlo Kilfeder,3,1151,Roe - Lump Fish. Black,Grocery,73
661,06-29-20,11-07-20,DELIVERED,98,Ellen Blincoe,1,1164,Bar Special K,Grocery,64
662,03-11-20,01-06-20,SHIPPED,751,Aloysius Shrimptone,1,1023,Capon - Whole,Grocery,38
663,02-07-22,06-22-20,DELIVERED,313,Matthieu Labusquiere,2,1051,Cheese - Goat With Herbs,Grocery,58
664,08-23-21,07-15-21,SHIPPED,108,Emlyn Gavozzi,3,1010,Salsify. Organic,Grocery,79
665,10-27-20,02-01-20,PENDING,380,Pincas Pesic,2,1151,Anchovy Fillets,Grocery,43
666,01-28-20,09-17-20,PENDING,851,Angelle Van der Veldt,3,1128,Wine - Prosecco Valdobienne,Grocery,65
667,12-29-20,07-11-22,SHIPPED,602,Orelle Carous,3,1133,Bread - French Baquette,Grocery,96
668,03-21-22,01-30-21,SHIPPED,964,Rozelle Wayon,3,1141,Pasta - Orzo. Dry,Grocery,34
669,09-02-21,09-07-20,PENDING,403,Gwen Pakenham,1,1199,Cake - Mini Potato Pancake,Grocery,88
670,05-02-22,12-26-21,DELIVERED,634,Laverna Olyfant,1,1022,Pasta - Penne Primavera. Single,Grocery,26
671,12-22-21,08-12-21,SHIPPED,612,Christina Brim,2,1111,Chinese Foods - Pepper Beef,Grocery,31
672,06-04-21,05-19-22,SHIPPED,164,Marylee Ogglebie,2,1190,Oil - Shortening - All - Purpose,Grocery,56
673,04-16-20,02-16-20,DELIVERED,159,Gerty Macellar,3,1183,Pork - Butt. Boneless,Grocery,11
674,04-19-22,11-09-22,DELIVERED,889,Randie Alldre,3,1179,Cheese - Brick With Pepper,Grocery,20
675,09-21-22,04-23-20,SHIPPED,636,Maxim Rennicks,3,1052,Foie Gras,Grocery,81
676,10-13-20,11-30-22,SHIPPED,225,Antonin Beddingham,2,1019,Cup - Translucent 7 Oz Clear,Grocery,48
677,05-11-22,11-29-21,PENDING,599,Monika Shireff,2,1038,Muffin Mix - Carrot,Grocery,91
678,12-21-22,09-24-20,SHIPPED,737,Dallas Dollman,3,1051,Shrimp - 21/25. Peel And Deviened,Grocery,55
679,12-03-20,01-06-22,SHIPPED,106,Rosamund Dollar,1,1113,White Baguette,Grocery,88
680,10-23-20,03-19-22,SHIPPED,64,Asher Aylen,2,1040,Nut - Pine Nuts. Whole,Grocery,54
681,04-04-20,10-22-21,PENDING,794,Denni Cradey,3,1191,Lettuce - California Mix,Grocery,66
682,08-12-22,02-13-21,DELIVERED,509,Ignacio Doswell,3,1182,Soup Campbells,Grocery,15
683,01-15-22,02-19-22,PENDING,194,Angel Martinat,3,1088,Beer - Muskoka Cream Ale,Grocery,33
684,01-09-22,08-19-21,PENDING,330,Gnni Jacop,2,1011,Ham - Procutinni,Grocery,49
685,08-07-22,12-02-21,PENDING,752,Lucretia Lintott,3,1131,Port - 74 Brights,Grocery,16
686,08-07-22,08-20-22,SHIPPED,278,Mace Winkless,1,1028,Amaretto,Grocery,42
687,10-06-21,01-29-21,DELIVERED,656,Nicolle Pickless,3,1164,Beef - Outside. Round,Grocery,45
688,06-13-22,11-08-22,SHIPPED,139,Ardenia Chetwin,3,1076,Sugar - Individual Portions,Grocery,50
689,02-18-21,11-16-22,PENDING,718,Jemmie Jarmain,1,1002,Watercress,Grocery,97
690,07-30-21,05-25-21,DELIVERED,416,Clerkclaude Riggert,3,1170,Wine - Segura Viudas Aria Brut,Grocery,25
691,10-21-22,08-22-21,DELIVERED,572,Brose Kidgell,3,1016,Soup - Campbells - Tomato,Grocery,68
692,09-05-22,09-17-21,DELIVERED,847,Rolland Worcs,3,1135,Coffee - Colombian. Portioned,Grocery,67
693,10-04-22,11-11-22,PENDING,604,Camellia McAster,3,1025,Apricots - Halves,Grocery,28
694,06-19-22,08-19-21,SHIPPED,138,Katrinka Billam,2,1007,Shrimp - 100 / 200 Cold Water,Grocery,15
695,04-14-20,09-30-21,PENDING,124,Reube Kealy,3,1130,Chicken Breast Halal,Grocery,35
696,05-04-22,07-26-22,SHIPPED,282,Ediva Caig,1,1065,Fork - Plastic,Grocery,44
697,02-28-22,11-05-20,SHIPPED,173,Lion Zollner,1,1125,Muffin Mix - Banana Nut,Grocery,49
698,07-13-20,01-13-22,PENDING,787,Egon Mounfield,3,1160,Rambutan,Grocery,15
699,06-08-21,01-15-22,SHIPPED,38,Raina Nucator,1,1169,Oil - Olive Bertolli,Grocery,56
700,01-21-20,09-04-21,PENDING,50,Pace Bagby,1,1123,Bread - English Muffin,Grocery,23
701,05-13-20,06-10-21,PENDING,603,Paul Micklewicz,1,1014,Flour - Chickpea,Grocery,10
702,07-23-20,01-25-20,DELIVERED,53,Bourke Hill,1,1011,Cheese - Roquefort Pappillon,Grocery,100
703,02-14-22,12-01-20,DELIVERED,723,Paxton Yurenin,1,1150,Glycerine,Grocery,98
704,07-19-21,05-29-22,DELIVERED,256,Gertrude Killen,2,1118,Soup - Campbells. Lentil,Grocery,98
705,09-02-22,11-10-22,PENDING,73,Marcy Kabsch,1,1166,Pomello,Grocery,10
706,05-30-20,04-23-22,SHIPPED,547,Tallie Horsted,1,1018,Yogurt - French Vanilla,Grocery,70
707,05-12-22,02-25-22,PENDING,139,Vivienne Keenlyside,1,1062,Gelatine Leaves - Bulk,Grocery,89
708,08-05-20,05-25-22,DELIVERED,302,Maggy Zorzini,1,1111,Beef - Ox Tongue. Pickled,Grocery,25
709,08-31-22,04-08-21,PENDING,475,Esme Smails,2,1049,Soup V8 Roasted Red Pepper,Grocery,98
710,03-25-21,07-13-21,DELIVERED,490,Gerda Landrean,1,1176,Cheese - Taleggio D.o.p.,Grocery,61
711,07-05-20,04-28-20,DELIVERED,847,Jane Dwelling,2,1080,Currants,Grocery,46
712,12-27-22,03-22-20,SHIPPED,86,Shermie Duddell,2,1040,Cucumber - Pickling Ontario,Grocery,42
713,09-30-21,12-02-22,PENDING,772,Deni Comellini,2,1103,Ecolab - Hobart Upr Prewash Arm,Grocery,47
714,09-12-20,05-31-20,PENDING,672,Harper Dodimead,1,1150,Sauce - Chili,Grocery,64
715,01-22-20,10-31-20,PENDING,828,Georgeta Hearnaman,1,1172,Syrup - Monin. Amaretta,Grocery,64
716,06-29-21,11-03-21,DELIVERED,123,Viola Flade,3,1162,Mustard - Dijon,Grocery,68
717,04-25-22,01-24-21,DELIVERED,426,Douglas Cannon,3,1030,Chocolate Bar - Reese Pieces,Grocery,64
718,11-28-22,12-16-22,SHIPPED,936,Annie McKibben,1,1176,Lemonade - Mandarin. 591 Ml,Grocery,52
719,08-26-22,10-29-20,DELIVERED,133,Phillipe Smalley,2,1054,Pectin,Grocery,85
720,09-21-20,06-03-21,SHIPPED,302,Theresina Garbott,1,1169,Nut - Almond. Blanched. Whole,Grocery,57
721,05-13-20,08-28-20,SHIPPED,945,Caldwell Caddock,2,1181,Chocolate - Dark Callets,Grocery,13
722,07-03-22,05-08-22,PENDING,806,Myrtie Tolfrey,2,1066,Table Cloth 91x91 Colour,Grocery,65
723,08-22-20,10-10-21,SHIPPED,725,Arv Beadnall,1,1081,Eggs - Extra Large,Grocery,10
724,12-09-21,04-24-22,DELIVERED,713,Edlin McEllen,2,1154,Wine - White. Schroder And Schyl,Grocery,64
725,02-03-21,04-19-21,SHIPPED,834,Fionna Barroux,2,1186,Appetizer - Seafood Assortment,Grocery,31
726,06-16-20,03-13-22,SHIPPED,604,Georgy Whitewood,2,1200,Southern Comfort,Grocery,59
727,04-18-21,06-26-21,SHIPPED,44,Salli Malinowski,2,1068,Beans - Wax,Grocery,68
728,10-05-20,10-05-20,DELIVERED,642,Ford Scholling,3,1092,Hummus - Spread,Grocery,68
729,09-06-20,02-26-22,PENDING,216,Willamina Forde,1,1080,Kippers - Smoked,Grocery,66
730,11-25-20,04-21-20,PENDING,669,Barron Paulo,1,1088,Appetizer - Cheese Bites,Grocery,89
731,01-30-20,07-31-22,SHIPPED,338,Shellysheldon Grunbaum,2,1060,Bread - Roll. Calabrese,Grocery,45
732,09-26-20,11-25-21,DELIVERED,288,Aleda Wallach,3,1015,Lamb - Pieces. Diced,Grocery,31
733,07-26-21,02-25-22,PENDING,255,Casey Moreman,3,1170,Juice - Mango,Grocery,87
734,08-19-21,01-10-20,PENDING,353,Wynn Beaford,1,1009,Pepper - White. Whole,Grocery,45
735,05-17-21,11-06-22,PENDING,635,Querida Kinavan,2,1141,Extract Vanilla Pure,Grocery,55
736,03-02-22,01-12-20,SHIPPED,91,Serene Scripps,2,1071,Orange Roughy 6/8 Oz,Grocery,83
737,06-24-20,12-20-22,SHIPPED,940,Lynette Sire,2,1141,Turkey - Breast. Double,Grocery,89
738,05-25-22,01-09-20,DELIVERED,118,Maurice Risebarer,1,1044,Spinach - Packaged,Grocery,72
739,01-24-21,09-11-21,SHIPPED,855,Janaye Coldtart,1,1014,Beef - Tenderloin Tails,Grocery,62
740,12-19-21,08-13-21,PENDING,553,Hilly Minard,3,1119,Sesame Seed Black,Grocery,40
741,06-19-21,07-04-20,DELIVERED,482,Martguerita de Clerk,3,1036,Muffin Orange Individual,Grocery,35
742,08-06-20,12-01-22,PENDING,999,Clementina Sloyan,2,1104,Kumquat,Grocery,98
743,07-16-22,10-11-20,DELIVERED,858,Sonny Headley,3,1175,Marjoram - Dried. Rubbed,Grocery,47
744,10-27-20,08-07-22,DELIVERED,916,Stephanie Deares,3,1040,Gatorade - Cool Blue Raspberry,Grocery,72
745,05-06-22,02-22-21,PENDING,814,Janot Bercevelo,1,1132,Wine - Gato Negro Cabernet,Grocery,90
746,12-08-21,02-13-22,DELIVERED,431,Rodolph Joplin,1,1121,Wine - Red. Marechal Foch,Grocery,32
747,09-16-20,04-10-21,DELIVERED,519,Audre Lambrook,1,1131,Lamb Rack - Ontario,Grocery,79
748,09-29-20,08-18-20,DELIVERED,577,Nancey Humfrey,3,1024,Wine - White. Chardonnay,Grocery,70
749,07-14-21,06-16-21,DELIVERED,441,Kenyon Kiffe,1,1121,Pumpkin - Seed,Grocery,15
750,02-10-20,09-23-21,DELIVERED,125,Carson Griswaite,2,1059,Cheese - Sheep Milk,Grocery,41
751,11-13-20,07-11-21,PENDING,470,Willie Bodechon,3,1141,Wine - Alsace Riesling Reserve,Grocery,47
752,09-17-20,01-11-20,SHIPPED,349,Waylen Scarrott,2,1126,Lotus Rootlets - Canned,Grocery,15
753,08-23-22,10-12-20,PENDING,921,Mackenzie Errichelli,2,1057,Pasta - Lasagne. Fresh,Grocery,87
754,07-03-22,07-23-20,PENDING,77,Alix Elgy,1,1163,Beer - Camerons Cream Ale,Grocery,37
755,06-22-20,09-15-20,PENDING,529,Brigid Witchard,3,1128,Lettuce - Romaine,Grocery,33
756,04-12-21,06-18-20,DELIVERED,119,Ginevra Lowery,1,1092,Wine - Red. Colio Cabernet,Grocery,38
757,10-26-20,03-30-22,PENDING,862,Madison Mercer,2,1127,Wine - Dubouef Macon - Villages,Grocery,51
758,05-12-20,09-10-21,DELIVERED,314,Lorie Akers,2,1016,Lettuce - Curly Endive,Grocery,95
759,06-01-20,04-06-20,DELIVERED,10,Guntar Jakubowicz,1,1132,Vermouth - Sweet. Cinzano,Grocery,82
760,08-25-21,08-04-20,DELIVERED,997,Norbie Bardwell,1,1012,Cheese - Mozzarella. Shredded,Grocery,30
761,08-24-22,04-22-21,SHIPPED,974,Denni Oneal,2,1053,Wine - White. Lindemans Bin 95,Grocery,21
762,07-11-22,04-08-20,PENDING,333,Carolin St Clair,2,1080,Oyster - In Shell,Grocery,64
763,05-14-20,03-28-22,SHIPPED,729,Janis Rahl,2,1053,Placemat - Scallop. White,Grocery,71
764,07-29-21,08-31-21,DELIVERED,338,Dolly O'Lagene,1,1043,Yoplait - Strawbrasp Peac,Grocery,86
765,01-23-22,08-21-21,PENDING,528,Concordia Burns,1,1137,Guinea Fowl,Grocery,42
766,07-22-20,09-20-20,PENDING,19,Pier Lye,2,1200,Bacardi Raspberry,Grocery,53
767,11-21-20,11-30-22,PENDING,827,Ruthy Vaadeland,1,1093,Cake Circle. Foil. Scallop,Grocery,39
768,06-14-22,07-17-20,PENDING,745,Jeannie Bodley,1,1126,Lemonade - Natural. 591 Ml,Grocery,32
769,09-14-22,04-29-22,DELIVERED,307,Daron Blagbrough,2,1119,Tortillas - Flour. 10,Grocery,78
770,11-15-21,06-23-20,PENDING,443,Vitoria Padefield,1,1073,Cheese - Swiss Sliced,Grocery,96
771,03-02-21,07-18-22,DELIVERED,702,Wendi Barenski,3,1145,Soup - Knorr. Ministrone,Grocery,94
772,08-01-20,08-15-21,SHIPPED,141,Addy Brimner,2,1026,Bread - Roll. Whole Wheat,Grocery,87
773,04-20-21,01-13-22,DELIVERED,548,Tedra Manvelle,3,1137,Clams - Bay,Grocery,24
774,12-16-21,08-17-21,SHIPPED,182,Carlo Flannigan,2,1126,Pork - Loin. Bone - In,Grocery,55
775,03-25-21,10-05-21,PENDING,590,Pierre McDonell,1,1000,Beer - Blue Light,Grocery,82
776,07-12-21,12-08-20,SHIPPED,171,Lambert MacInherney,1,1001,Potatoes - Fingerling 4 Oz,Grocery,100
777,11-22-20,04-16-22,PENDING,997,Joelle Graddon,2,1062,Wine - Muscadet Sur Lie,Grocery,25
778,10-05-21,01-15-22,PENDING,375,Lusa Stelljes,1,1050,Eggplant Oriental,Grocery,67
779,09-16-20,11-17-22,DELIVERED,216,Weber Dainton,1,1105,Jam - Raspberry.jar,Grocery,72
780,08-23-20,08-15-20,DELIVERED,340,Curran Anfossi,3,1024,Chocolate - Mi - Amere Semi,Grocery,62
781,01-07-20,08-09-20,PENDING,312,Brewster Reuter,2,1174,Chocolate - Pistoles. Lactee. Milk,Grocery,87
782,11-09-20,03-28-20,PENDING,966,Truda Tolomei,2,1041,Bread Crumbs - Japanese Style,Grocery,19
783,01-13-22,07-29-20,DELIVERED,142,Hunter Hebson,2,1028,Wine - Magnotta - Cab Sauv,Grocery,20
784,07-31-21,01-09-20,PENDING,257,Bone Osbaldeston,3,1032,Bagel - Sesame Seed Presliced,Grocery,92
785,05-13-21,10-17-20,SHIPPED,576,Karolina Farrey,2,1139,Eggwhite Frozen,Grocery,35
786,02-22-22,01-20-20,DELIVERED,567,Lemmie de Clerk,3,1042,Capers - Ox Eye Daisy,Grocery,92
787,01-27-22,12-17-21,DELIVERED,78,Sarena Ferrarin,2,1131,Sour Puss Raspberry,Grocery,70
788,07-02-22,01-20-22,PENDING,683,Dennie Trunby,1,1197,Fish - Halibut. Cold Smoked,Grocery,71
789,01-15-21,06-21-22,DELIVERED,230,Camille Pollock,3,1010,Campari,Grocery,35
790,04-20-20,08-21-20,DELIVERED,641,Ysabel Menichini,1,1108,Wine - Cousino Macul Antiguas,Grocery,35
791,02-22-21,03-09-21,SHIPPED,111,Chrystal Gudde,3,1145,Sausage - Blood Pudding,Grocery,72
792,07-22-22,04-15-21,DELIVERED,56,Rhys Vasyunichev,1,1138,Beef Ground Medium,Grocery,39
793,04-05-21,03-08-22,DELIVERED,577,Tandy Bootes,3,1191,Shrimp - Black Tiger 8 - 12,Grocery,90
794,10-26-22,03-06-21,SHIPPED,715,Keely Brownscombe,2,1118,Pepper - Julienne. Frozen,Grocery,32
795,02-24-21,12-22-22,DELIVERED,136,Shayne Portwain,1,1058,Tamarind Paste,Grocery,39
796,03-02-21,07-07-22,DELIVERED,659,Dita McCart,2,1057,Flour - Chickpea,Grocery,13
797,01-27-22,12-30-21,PENDING,514,Nicoline Avramchik,3,1102,Garlic Powder,Grocery,83
798,12-03-20,08-28-22,PENDING,412,Chiquia Adshad,1,1066,Beer - Sleemans Honey Brown,Grocery,59
799,06-04-22,09-07-22,SHIPPED,479,Linda Garrison,3,1089,Wine - Delicato Merlot,Grocery,41
800,02-13-22,09-21-21,SHIPPED,592,Susanna Corwin,3,1088,Pastry - French Mini Assorted,Grocery,71
801,06-25-21,10-01-20,SHIPPED,114,Esmaria Boman,1,1023,Lettuce - Mini Greens. Whole,Grocery,74
802,05-10-22,05-21-22,SHIPPED,290,Beverly Ramstead,3,1136,Veal - Eye Of Round,Grocery,95
803,06-07-21,05-30-22,DELIVERED,684,Massimo McMackin,3,1130,Wine La Vielle Ferme Cote Du,Grocery,33
804,05-15-22,06-11-20,PENDING,104,Leesa Mallam,2,1131,Scampi Tail,Grocery,88
805,10-28-22,09-27-22,DELIVERED,735,Quill Langabeer,3,1024,Cake - Pancake,Grocery,82
806,02-10-21,03-07-20,PENDING,645,Hendrika Dearn,3,1051,Vegetable - Base,Grocery,75
807,08-22-21,08-02-20,DELIVERED,744,Dayle Agnolo,3,1103,Cheese - Camembert,Grocery,15
808,03-27-22,12-14-21,DELIVERED,668,Jackie Brailey,2,1076,Cod - Fillets,Grocery,55
809,03-19-20,02-14-20,DELIVERED,789,Torrey McGlaud,2,1038,Lettuce - Red Leaf,Grocery,71
810,09-30-21,06-07-21,PENDING,966,Joey Trotter,2,1028,Arctic Char - Fresh. Whole,Grocery,66
811,11-16-22,04-30-21,PENDING,713,Obidiah O' Ronan,1,1139,Beer - Paulaner Hefeweisse,Grocery,45
812,01-26-22,10-25-21,SHIPPED,641,Worthington Gaffey,1,1103,Fenngreek Seed,Grocery,16
813,07-25-21,09-27-20,DELIVERED,587,Janel Minton,2,1189,Lamb - Leg. Boneless,Grocery,29
814,08-19-20,02-08-22,SHIPPED,455,Cello Devany,3,1184,Carrots - Jumbo,Grocery,37
815,02-04-22,05-25-22,DELIVERED,814,Constantine Erangy,1,1032,Thermometer Digital,Grocery,24
816,06-10-20,03-26-21,DELIVERED,830,Franciskus Inkle,3,1111,Chips - Potato Jalapeno,Grocery,48
817,05-28-20,09-13-20,PENDING,870,Farr Hawton,3,1038,Salsify. Organic,Grocery,77
818,10-27-21,11-07-21,PENDING,367,Barnabe Boynton,1,1005,Chocolate - Chips Compound,Grocery,68
819,04-11-21,08-29-22,DELIVERED,355,Helsa Antonelli,2,1129,Energy Drink Bawls,Grocery,22
820,06-17-20,06-29-22,DELIVERED,359,Desiri Fuentez,2,1174,Island Oasis - Lemonade,Grocery,89
821,09-30-22,02-27-20,DELIVERED,729,Christy MacDougall,3,1101,Hagen Daza - Dk Choocolate,Grocery,10
822,12-30-21,07-27-20,SHIPPED,928,Kort Duggen,3,1109,Sugar - Crumb,Grocery,30
823,02-02-20,05-24-20,SHIPPED,424,Cobb Kerkham,1,1127,Bread - Granary Small Pull,Grocery,63
824,10-27-20,07-11-22,PENDING,565,Jdavie Whitehead,1,1094,Bread - White. Sliced,Grocery,27
825,09-10-22,07-25-22,SHIPPED,700,Rebecca Rash,1,1025,Napkin White - Starched,Grocery,10
826,02-04-22,05-29-22,SHIPPED,573,Stanford Luttgert,1,1156,Port - 74 Brights,Grocery,96
827,05-09-21,10-16-20,DELIVERED,637,Shayla Mingame,1,1072,Sea Bass - Whole,Grocery,48
828,12-22-21,11-23-20,PENDING,640,Gilberta Rollett,3,1050,Salmon - Atlantic. Fresh. Whole,Grocery,13
829,07-02-21,10-31-21,SHIPPED,755,Norbie Caldera,2,1146,Bread - Italian Roll With Herbs,Grocery,60
830,07-12-22,06-26-22,DELIVERED,94,Roxanne Lorans,2,1070,Water - Aquafina Vitamin,Grocery,99
831,02-18-22,06-06-20,DELIVERED,98,Camey Ceaser,3,1032,Muffin Mix - Lemon Cranberry,Grocery,87
832,03-29-20,03-21-20,DELIVERED,370,Reyna Holdworth,2,1177,Lettuce - Green Leaf,Grocery,54
833,07-08-20,01-03-23,DELIVERED,664,Issie McParlin,2,1129,Bagel - Sesame Seed Presliced,Grocery,84
834,10-18-20,01-18-20,SHIPPED,900,Mara Perrone,1,1067,Red Currant Jelly,Grocery,30
835,10-28-20,08-01-20,PENDING,747,Catha Armour,3,1127,French Pastries,Grocery,60
836,07-23-20,08-28-20,SHIPPED,497,Diana Webster,2,1164,Rice - Long Grain,Grocery,12
837,10-20-20,05-04-20,PENDING,877,Sherwin Tuffell,1,1155,Sage - Ground,Grocery,51
838,11-27-22,09-03-21,SHIPPED,833,Nana Sueter,3,1175,Chicken - Bones,Grocery,47
839,11-26-22,07-02-20,PENDING,996,Briny Imlin,1,1123,Aspic - Light,Grocery,41
840,12-01-21,05-27-20,SHIPPED,931,Ailee Langworthy,3,1172,Cookie - Oatmeal,Grocery,90
841,07-12-22,03-30-20,PENDING,863,Kakalina Twigger,3,1179,Turkey - Oven Roast Breast,Grocery,49
842,05-01-22,01-22-21,SHIPPED,404,Guido Knevit,3,1081,Fireball Whisky,Grocery,17
843,01-10-21,09-17-22,PENDING,148,Isaac Harm,3,1046,Rolled Oats,Grocery,50
844,10-13-20,01-18-22,SHIPPED,159,Tilda Parram,1,1132,Cake - Lemon Chiffon,Grocery,19
845,09-14-20,10-09-22,SHIPPED,167,Lucy Wannan,2,1002,Tea - Lemon Scented,Grocery,83
846,01-02-21,02-07-20,SHIPPED,831,Tan Brimacombe,2,1157,Sour Puss - Tangerine,Grocery,33
847,05-23-22,10-04-20,SHIPPED,611,Nani MacAllan,2,1035,Nantucket - Pomegranate Pear,Grocery,46
848,01-24-20,04-11-22,DELIVERED,97,Eden Androlli,1,1183,Trout - Rainbow. Frozen,Grocery,84
849,10-22-22,07-27-21,SHIPPED,272,Cal Sheirlaw,3,1125,Chicken Breast Wing On,Grocery,90
850,06-02-21,07-16-21,SHIPPED,278,Jan Dobrovolski,3,1167,Snapple - Mango Maddness,Grocery,77
851,08-05-20,04-22-22,SHIPPED,477,Britni McShee,2,1034,Snapple Raspberry Tea,Grocery,33
852,09-28-20,10-01-21,PENDING,578,Consalve Delagua,1,1164,Cookie Dough - Double,Grocery,96
853,01-17-20,07-23-21,SHIPPED,357,Torrie Grooby,1,1168,Beef - Flank Steak,Grocery,89
854,08-30-20,06-20-22,DELIVERED,298,Michel Farr,2,1006,Broom And Brush Rack Black,Grocery,20
855,05-23-21,09-14-22,PENDING,38,Abigail Gianotti,1,1009,Mushroom - Shitake. Fresh,Grocery,94
856,12-22-22,03-24-22,SHIPPED,989,Emmalee Bransom,3,1035,Mushroom - Oyster. Fresh,Grocery,78
857,06-18-20,12-04-22,DELIVERED,718,Austen Dymott,3,1079,Burger Veggie,Grocery,18
858,02-23-21,10-06-21,PENDING,729,Morlee Oman,3,1130,Sorrel - Fresh,Grocery,47
859,04-01-20,11-16-20,DELIVERED,52,Mel Peddel,1,1179,Wine - Casillero Del Diablo,Grocery,66
860,12-16-21,04-09-20,DELIVERED,618,Gabriel Rosewall,3,1187,Sausage - Meat,Grocery,89
861,05-19-22,12-22-22,DELIVERED,197,Elfrieda Moorerud,2,1016,Longos - Grilled Chicken With,Grocery,50
862,09-08-21,08-07-22,PENDING,266,Tanney Massot,2,1182,Shrimp - Prawn,Grocery,61
863,05-01-21,03-25-20,DELIVERED,371,Brocky Satterfitt,3,1034,Juice - Ocean Spray Kiwi,Grocery,49
864,01-04-20,08-14-21,PENDING,727,Carly McHardy,2,1076,Cheese - Grana Padano,Grocery,65
865,03-24-22,11-26-22,PENDING,34,Adelind Hallibone,1,1180,Teriyaki Sauce,Grocery,43
866,04-30-20,07-08-21,DELIVERED,28,Jacobo Piele,2,1025,Pasta - Cannelloni. Sheets. Fresh,Grocery,46
867,02-13-21,10-08-21,SHIPPED,413,Laurent Nellis,2,1013,Wine - White. Pinot Grigio,Grocery,83
868,07-02-22,12-01-20,SHIPPED,495,Albert Ingrem,2,1178,Table Cloth 53x69 White,Grocery,39
869,07-02-20,05-20-20,DELIVERED,37,Jarred Chatainier,1,1004,Pepper - Jalapeno,Grocery,33
870,08-06-21,09-01-21,PENDING,798,Molli Fidilis,3,1096,Apricots - Dried,Grocery,17
871,06-22-21,02-17-22,DELIVERED,919,Shanon Spurgeon,2,1181,Kiwi Gold Zespri,Grocery,15
872,07-26-20,08-08-22,DELIVERED,563,Maisie Terney,3,1185,Black Currants,Grocery,98
873,06-19-20,08-14-21,SHIPPED,156,Kimbra Lashmar,3,1175,Flour - Chickpea,Grocery,20
874,02-16-20,11-24-21,SHIPPED,487,Ricki Kleinholz,2,1198,Dr. Pepper - 355ml,Grocery,16
875,04-28-21,02-03-21,PENDING,972,Kaylee Melland,1,1152,Broom - Corn,Grocery,100
876,04-16-21,05-04-21,PENDING,275,Dari Hitzschke,3,1115,Sour Puss - Tangerine,Grocery,23
877,12-09-20,03-15-20,SHIPPED,870,Angelika Wethered,1,1033,Pork - Tenderloin. Frozen,Grocery,56
878,10-27-21,04-22-22,SHIPPED,194,Cece Brodhead,2,1156,Mushroom - Chanterelle Frozen,Grocery,26
879,11-22-21,05-23-21,SHIPPED,507,Tamma Congdon,2,1122,Shrimp - Black Tiger 13/15,Grocery,70
880,11-11-22,10-22-20,PENDING,942,Bucky Spriggen,2,1157,Fish - Halibut. Cold Smoked,Grocery,58
881,11-06-20,05-28-21,SHIPPED,610,Bond Deards,2,1114,Butter Sweet,Grocery,56
882,09-28-21,08-02-21,SHIPPED,332,Eloisa Moran,3,1032,Cocoa Powder - Natural,Grocery,79
883,11-24-22,11-29-21,PENDING,785,Carmelina Stirrip,2,1158,Beer - Upper Canada Light,Grocery,41
884,06-03-22,05-19-20,PENDING,793,Parker Gerrans,1,1118,Sugar - Individual Portions,Grocery,39
885,12-03-21,02-02-20,SHIPPED,212,Anthiathia Tissiman,1,1122,Vodka - Lemon. Absolut,Grocery,56
886,11-12-22,08-20-20,PENDING,467,Dov Cosens,1,1040,Beef - Chuck. Boneless,Grocery,57
887,03-15-22,08-13-20,DELIVERED,290,Florentia Lubman,2,1143,Juice - Tomato. 48 Oz,Grocery,71
888,09-15-21,10-11-22,SHIPPED,613,Tammie Cromblehome,2,1103,Longos - Lasagna Veg,Grocery,39
889,10-03-21,02-23-21,PENDING,72,Annis Lampet,1,1122,Salt And Pepper Mix - Black,Grocery,91
890,05-20-21,08-22-22,PENDING,767,Maxie Pinchin,2,1108,Pastry - Chocolate Marble Tea,Grocery,57
891,06-23-20,08-20-21,DELIVERED,806,Annetta Dinley,3,1012,Sauce - Chili,Grocery,19
892,10-28-20,06-25-22,SHIPPED,567,Michaeline Claridge,2,1147,Lamb Tenderloin Nz Fr,Grocery,65
893,11-16-22,12-01-22,SHIPPED,430,Ahmed Deveraux,2,1015,Rum - Cream. Amarula,Grocery,27
894,07-26-21,03-23-22,PENDING,401,Maje Schulkins,1,1174,Spring Roll Wrappers,Grocery,70
895,03-14-21,10-26-22,DELIVERED,88,Rafa Kick,3,1188,Nut - Walnut. Pieces,Grocery,100
896,11-04-22,05-30-22,SHIPPED,287,Enrichetta Coleborn,3,1089,Beef - Ground Lean Fresh,Grocery,58
897,06-25-21,02-28-20,DELIVERED,74,Giana Tocqueville,2,1102,Chocolate - Unsweetened,Grocery,31
898,12-04-21,06-04-20,SHIPPED,155,Hope Scadden,2,1041,Hog / Sausage Casing - Pork,Grocery,20
899,09-20-21,01-02-21,SHIPPED,102,Dianna Gerram,1,1024,Chickhen - Chicken Phyllo,Grocery,10
900,08-21-20,09-28-20,SHIPPED,353,Brittne Josselson,3,1007,Honey - Liquid,Grocery,18
901,07-31-21,05-01-21,DELIVERED,414,Jessy Iannini,3,1101,Wine - Chablis 2003 Champs,Grocery,51
902,01-20-22,01-16-22,SHIPPED,717,Dennis Thorald,3,1009,Wine - Clavet Saint Emilion,Grocery,42
903,07-20-22,10-28-21,DELIVERED,140,Joshuah Steffans,2,1043,Rice - Sushi,Grocery,47
904,04-04-22,04-26-21,SHIPPED,156,Colby Dumbreck,3,1167,Latex Rubber Gloves Size 9,Grocery,100
905,03-10-21,12-21-20,DELIVERED,248,Tyrone Lush,1,1141,Napkin - Dinner. White,Grocery,55
906,07-14-20,07-04-20,DELIVERED,44,Lenora Paudin,2,1036,Ham - Procutinni,Grocery,53
907,08-05-21,02-20-20,PENDING,558,Pierce Gulc,2,1023,Pork - Sausage Casing,Grocery,79
908,05-07-22,12-01-21,PENDING,735,Rivalee Rablin,2,1181,Wine - White. Pinot Grigio,Grocery,19
909,07-15-22,11-04-22,SHIPPED,489,Demeter Buse,3,1192,Goulash Seasoning,Grocery,22
910,08-30-21,07-18-22,DELIVERED,708,Bari Siege,3,1141,Pepperoni Slices,Grocery,63
911,04-18-20,09-18-21,PENDING,495,Hedda Castellini,3,1132,Sausage - Chorizo,Grocery,54
912,01-15-22,04-07-22,PENDING,601,Millicent Bowsher,2,1006,Wine - Magnotta - Red. Baco,Grocery,99
913,08-03-22,10-08-22,PENDING,685,Alie Grivori,3,1182,Chilli Paste. Sambal Oelek,Grocery,39
914,05-20-21,06-04-21,PENDING,324,Konstance Challoner,1,1062,Squid - Tubes / Tenticles 10/20,Grocery,51
915,11-20-22,11-20-21,DELIVERED,609,Bea Druett,2,1116,Energy Drink,Grocery,31
916,05-12-20,02-01-21,SHIPPED,38,Terza Halston,1,1064,Vinegar - White Wine,Grocery,29
917,07-29-20,05-28-22,DELIVERED,460,Elston Kenrat,2,1063,Wine - Bouchard La Vignee Pinot,Grocery,84
918,12-29-22,11-10-22,DELIVERED,667,Jennifer Rubinshtein,1,1146,Red Snapper - Fresh. Whole,Grocery,42
919,12-05-21,10-11-22,PENDING,222,Eddie Craighead,1,1171,Fennel,Grocery,60
920,06-03-22,07-28-22,DELIVERED,405,Ola Halsworth,3,1197,Tuna - Sushi Grade,Grocery,10
921,09-08-22,09-08-21,PENDING,866,Stormi Ronaghan,3,1025,Olive - Spread Tapenade,Grocery,23
922,10-04-22,11-22-20,PENDING,406,Willyt Bowmer,2,1066,Bread - 10 Grain,Grocery,85
923,09-02-21,11-18-20,DELIVERED,137,Thedric Mathwin,3,1146,Vermouth - White. Cinzano,Grocery,20
924,07-15-20,10-15-22,DELIVERED,599,Pebrook Van den Bosch,2,1045,Mussels - Frozen,Grocery,97
925,10-18-21,12-24-20,SHIPPED,369,Neysa Tybalt,1,1122,Chocolate - Dark,Grocery,66
926,01-05-20,04-16-21,PENDING,677,Donall Vlasenkov,1,1101,Wine - Placido Pinot Grigo,Grocery,15
927,04-15-21,10-21-20,PENDING,739,Brittan Soltan,2,1136,Cups 10oz Trans,Grocery,32
928,10-28-21,06-18-22,PENDING,381,Heriberto Helliwell,3,1199,Pepper - Chillies. Crushed,Grocery,88
929,05-13-22,02-21-22,DELIVERED,333,Penn Ciccotti,2,1033,Huck White Towels,Grocery,81
930,04-02-20,10-13-22,SHIPPED,717,Isa Ornells,2,1080,Beef - Texas Style Burger,Grocery,78
931,10-16-22,05-05-20,DELIVERED,371,Davy Featherstone,3,1071,Cheese - Parmigiano Reggiano,Grocery,42
932,06-21-21,05-30-20,PENDING,78,Kathy Uccelli,3,1124,Radish - Black. Winter. Organic,Grocery,35
933,05-11-22,02-27-21,SHIPPED,279,Ruth Eastby,3,1108,Lamb - Loin Chops,Grocery,17
934,02-21-20,02-27-20,DELIVERED,821,Janot Cattonnet,1,1092,Salmon Steak - Cohoe 6 Oz,Grocery,79
935,10-16-20,08-10-22,SHIPPED,598,Tremain Van den Dael,3,1183,Ecolab - Orange Frc. Cleaner,Grocery,18
936,09-28-21,07-29-21,SHIPPED,352,Natividad Lanbertoni,1,1120,Pork - Hock And Feet Attached,Grocery,90
937,07-22-21,11-04-20,SHIPPED,710,Charita Hutchcraft,1,1011,Daikon Radish,Grocery,91
938,01-16-21,05-01-20,SHIPPED,748,Malchy Faithfull,2,1085,Blueberries - Frozen,Grocery,14
939,04-13-22,01-01-22,SHIPPED,499,Bowie Duddin,1,1090,Wine - Vovray Sec Domaine Huet,Grocery,46
940,08-20-21,07-14-22,PENDING,876,Babara Konertz,2,1130,Gatorade - Xfactor Berry,Grocery,33
941,09-09-21,08-20-21,SHIPPED,177,Annamarie Olenov,1,1045,Cup - 4oz Translucent,Grocery,95
942,12-14-20,03-24-20,SHIPPED,472,Ramona Stetson,2,1137,Wine - Gato Negro Cabernet,Grocery,12
943,06-02-20,04-01-21,PENDING,796,Dante Stears,3,1084,Tamarillo,Grocery,96
944,03-11-22,10-31-20,SHIPPED,553,Rafaellle Sealeaf,2,1042,Ecolab - Balanced Fusion,Grocery,70
945,01-31-21,08-07-20,SHIPPED,168,Meryl Tejero,2,1014,Pork - Suckling Pig,Grocery,37
946,10-21-22,07-28-22,DELIVERED,460,Burtie Boat,3,1134,Iced Tea - Lemon. 340ml,Grocery,95
947,05-14-21,05-02-20,SHIPPED,637,Bobette Rew,3,1111,Lid Coffee Cup 8oz Blk,Grocery,46
948,02-19-21,06-03-20,DELIVERED,709,Danyelle Camis,3,1061,Juice - Cranberry 284ml,Grocery,58
949,07-15-21,05-14-20,SHIPPED,266,Theresa Delgardillo,2,1031,Goulash Seasoning,Grocery,77
950,06-14-21,09-25-21,DELIVERED,15,Wilie Watkin,1,1125,Beer - Fruli,Grocery,19
951,01-18-22,07-11-20,SHIPPED,151,Mella Sedgemore,2,1000,Cup - 6oz. Foam,Grocery,62
952,01-06-21,01-08-22,SHIPPED,547,Bernie Arstingall,3,1160,Lychee,Grocery,84
953,09-22-22,09-08-22,SHIPPED,482,Benedetta Sivil,1,1188,Campari,Grocery,93
954,10-19-20,08-08-20,PENDING,847,Stacy Grout,2,1193,Spice - Pepper Portions,Grocery,83
955,07-28-21,06-06-21,PENDING,971,Merline Munnery,2,1099,Soup - Cream Of Broccoli,Grocery,74
956,09-22-22,02-15-21,PENDING,745,Rad Edgeller,1,1048,Chicken - Whole,Grocery,30
957,11-15-20,01-20-21,SHIPPED,668,Leonerd Kenningley,3,1076,Lettuce - Red Leaf,Grocery,71
958,02-22-22,02-18-20,DELIVERED,130,Craggie Kuhwald,2,1189,Zucchini - Yellow,Grocery,80
959,07-25-20,05-22-21,DELIVERED,988,Gill Grain,1,1069,Lettuce - Red Leaf,Grocery,10
960,07-12-22,02-22-20,DELIVERED,63,Kaile Iacomo,1,1143,Lobster - Cooked,Grocery,12
961,06-17-20,07-08-20,PENDING,137,Thibaud Donnersberg,2,1066,Irish Cream - Baileys,Grocery,92
962,07-06-21,07-01-20,SHIPPED,172,Worth McPhaden,2,1044,Salt And Pepper Mix - White,Grocery,61
963,05-15-22,09-12-20,PENDING,833,Chrotoem Ferrierio,3,1160,Wine - Sicilia Igt Nero Avola,Grocery,10
964,03-26-22,05-27-20,PENDING,315,Hedvige Newling,3,1039,Tomatoes Tear Drop Yellow,Grocery,25
965,02-23-22,05-17-22,PENDING,963,Ella Chaundy,2,1064,Doilies - 5. Paper,Grocery,90
966,09-25-20,06-22-22,DELIVERED,828,Cirilo Rankmore,2,1186,Bread - Dark Rye,Grocery,79
967,11-25-20,05-23-21,DELIVERED,747,Bernardine Bendell,1,1050,Extract - Raspberry,Grocery,52
968,11-26-21,10-10-22,SHIPPED,527,Nicoli Poundford,3,1187,Sobe - Tropical Energy,Grocery,53
969,03-06-22,02-20-22,PENDING,599,Cristie Kerbey,1,1092,Table Cloth 120 Round White,Grocery,89
970,02-17-21,07-27-20,DELIVERED,753,Carlynne Radbone,2,1114,Olives - Black. Pitted,Grocery,15
971,04-19-21,11-08-21,SHIPPED,28,Geri Ferriere,2,1081,Pork - Bacon. Sliced,Grocery,88
972,07-17-21,06-06-21,PENDING,689,Caressa Coxwell,1,1127,Fenngreek Seed,Grocery,76
973,03-02-22,05-22-22,DELIVERED,205,Nell Kennan,1,1008,Wine - Valpolicella Masi,Grocery,54
974,09-09-20,08-16-20,SHIPPED,239,Daphne Bellas,3,1092,Chicken - Base,Grocery,83
975,06-22-22,06-15-20,DELIVERED,267,Berne Dumbellow,3,1110,Devonshire Cream,Grocery,64
976,12-18-22,09-20-20,PENDING,845,Marlo Scotts,1,1065,Spice - Peppercorn Melange,Grocery,97
977,06-29-22,09-15-21,SHIPPED,383,Mirabelle Pankhurst.,2,1187,Paste - Black Olive,Grocery,99
978,07-25-21,04-30-22,DELIVERED,230,Grethel Smalls,1,1017,Coffee - Colombian. Portioned,Grocery,18
979,06-20-21,06-04-22,DELIVERED,505,Montague Aldam,2,1189,Wine - Chateau Bonnet,Grocery,97
980,11-07-20,12-14-20,SHIPPED,276,Veriee Studdeard,1,1061,Chocolate - Pistoles. White,Grocery,94
981,04-30-22,06-08-22,DELIVERED,841,Bendite Kinnett,3,1078,Wasabi Powder,Grocery,67
982,02-16-22,03-04-22,DELIVERED,840,Christin Racher,3,1030,Clementine,Grocery,72
983,02-23-22,05-19-20,DELIVERED,311,Lauraine Woolford,2,1040,Pie Filling - Pumpkin,Grocery,80
984,01-24-21,09-09-20,PENDING,939,Merralee Gilfether,1,1103,Soup - Campbells - Tomato,Grocery,36
985,05-22-22,11-09-20,SHIPPED,46,Ker Huddlestone,1,1090,Melon - Cantaloupe,Grocery,10
986,01-09-21,04-24-20,PENDING,981,Ariana Viccary,1,1016,Lentils - Green. Dry,Grocery,89
987,08-14-22,11-23-21,PENDING,714,Lyn Dalliston,2,1096,Bread - Granary Small Pull,Grocery,69
988,10-18-22,06-14-21,DELIVERED,272,Jocelin Tyhurst,1,1030,Pepper - Roasted Red,Grocery,93
989,04-11-20,09-04-22,DELIVERED,252,Dilly Dirkin,1,1023,Puree - Raspberry,Grocery,21
990,11-22-22,02-08-20,SHIPPED,371,Augustina Williams,1,1014,Pear - Asian,Grocery,51
991,01-30-22,10-24-22,PENDING,291,Donnajean Badini,2,1047,Apple - Delicious. Golden,Grocery,80
992,10-23-22,01-20-20,SHIPPED,308,Gladys Ablett,1,1153,Wine - Port Late Bottled Vintage,Grocery,39
993,04-30-21,05-22-22,PENDING,985,Janith Lobell,1,1108,Pastry - Choclate Baked,Grocery,56
994,01-16-20,06-03-20,SHIPPED,688,Ruperta Ullyatt,2,1096,Pasta - Fett Alfredo. Single Serve,Grocery,28
995,08-29-21,03-13-22,DELIVERED,269,Pearce Ravens,3,1083,Nestea - Iced Tea,Grocery,100
996,11-03-22,05-21-20,SHIPPED,118,Ive Corlett,3,1034,Squid - U 5,Grocery,65
997,03-15-22,12-16-22,DELIVERED,241,Janela Patsall,3,1189,Beef - Top Butt Aaa,Grocery,72
998,03-17-20,05-29-20,DELIVERED,870,Shurlocke Link,3,1098,Sea Urchin,Grocery,27
999,04-26-21,05-11-22,SHIPPED,775,Timothea Pichmann,1,1079,Coconut - Creamed. Pure,Grocery,97
1000,08-08-22,10-04-22,PENDING,386,Enrica Aucutt,1,1168,Lettuce - Escarole,Grocery,45

